{"frameRate":30,"isGlobal":0,"armature":[{"slot":[{"name":"foot_back_toe_rt","parent":"leg_back_rt_03","color":{}},{"z":1,"name":"leg_back_rt","parent":"mesh","color":{}},{"z":2,"name":"foot_front_toe_rt","parent":"leg_front_rt_03","color":{}},{"z":3,"name":"foot_back_toe_lt","parent":"leg_back_lt_03","color":{}},{"z":4,"name":"leg_back_lt","parent":"mesh","color":{}},{"z":5,"name":"leg_front_rt","parent":"mesh","color":{}},{"z":6,"name":"leg_front_lt","parent":"mesh","color":{}},{"z":7,"name":"foot_front_toe_lt","parent":"leg_front_lt_03","color":{}},{"z":8,"name":"body","parent":"mesh","color":{}},{"z":9,"name":"ear_lt","parent":"mesh","color":{}},{"z":10,"name":"ear_rt","parent":"mesh","color":{}},{"z":11,"name":"head","parent":"mesh","color":{}},{"z":12,"name":"eye_lt","parent":"eye_lt","color":{}},{"z":13,"name":"eye_rt","parent":"eye_rt","color":{}},{"z":14,"name":"hair","parent":"head_hair_bone_01","color":{}},{"displayIndex":-1,"z":15,"name":"horn_01","parent":"root","color":{}},{"z":16,"name":"copyrights","parent":"root","color":{}}],"defaultActions":[{"gotoAndPlay":"goat_sleep_idle_anim"}],"type":"Armature","frameRate":30,"aabb":{"width":654.0149735449736,"y":-575.7000275546603,"height":722.2000275546603,"x":-368.70571428571435},"bone":[{"transform":{},"name":"root"},{"length":2,"transform":{},"parent":"root","name":"mesh"},{"length":2,"transform":{},"parent":"root","name":"sheep_global_control"},{"length":5,"transform":{},"parent":"sheep_global_control","name":"ik_effectors"},{"length":75,"transform":{"y":-335,"x":-93,"skX":-90,"skY":-90},"parent":"sheep_global_control","name":"chest_eff"},{"length":75,"transform":{"y":-335,"x":183.0013,"skX":-90,"skY":-90},"parent":"sheep_global_control","name":"hips_eff"},{"inheritRotation":0,"transform":{"y":-73.7601,"x":-159.2025},"name":"leg_front_rt_ik","parent":"ik_effectors"},{"inheritRotation":0,"transform":{"y":-100.9954,"x":60.6148},"name":"leg_back_rt_ik","parent":"ik_effectors"},{"inheritRotation":0,"transform":{"y":-50.2189,"x":181.5982},"name":"leg_back_lt_ik","parent":"ik_effectors"},{"length":100,"transform":{"y":-10,"skX":-90,"skY":-90},"parent":"chest_eff","name":"neck_bone"},{"length":127,"transform":{"y":10,"skX":90,"skY":90},"parent":"chest_eff","name":"spine_bone_01"},{"inheritRotation":0,"transform":{"y":-50.5231,"x":-66.6515},"name":"leg_front_lt_ik","parent":"ik_effectors"},{"length":100,"transform":{"y":9.9987,"skX":90,"skY":90},"parent":"hips_eff","name":"hips_bone"},{"length":127,"transform":{"y":-10.0013,"skX":-90,"skY":-90},"parent":"hips_eff","name":"spine_bone_02"},{"length":225,"transform":{"y":50,"x":142,"skX":-80,"skY":-80},"parent":"neck_bone","name":"head_bone"},{"length":75,"transform":{"y":-149,"x":-62,"skX":-70,"skY":-70},"parent":"neck_bone","name":"leg_front_lt_01"},{"length":70,"transform":{"y":145,"x":-42,"skX":115,"skY":115},"parent":"spine_bone_01","name":"leg_front_rt_01"},{"length":83,"transform":{"y":-158,"x":56,"skX":-148,"skY":-148},"parent":"spine_bone_02","name":"leg_back_lt_01"},{"length":46,"transform":{"y":-156,"x":122,"skX":-124,"skY":-124},"parent":"spine_bone_02","name":"leg_back_rt_01"},{"length":65,"transform":{"x":75,"skX":-20,"skY":-20},"parent":"leg_front_lt_01","name":"leg_front_lt_02"},{"transform":{"y":-15.9282,"x":15.4691,"skX":-100,"skY":-100},"name":"eye_lt","parent":"head_bone"},{"transform":{"y":50.7485,"x":23.1643,"skX":-100,"skY":-100},"name":"eye_rt","parent":"head_bone"},{"length":43,"transform":{"y":-103,"x":-30,"skX":-39,"skY":-39},"parent":"head_bone","name":"ear_lt_bone_01"},{"length":40,"transform":{"y":81,"x":13,"skX":20,"skY":20},"parent":"head_bone","name":"ear_rt_bone_01"},{"length":53,"transform":{"x":70,"skX":-20,"skY":-20},"parent":"leg_front_rt_01","name":"leg_front_rt_02"},{"length":180,"transform":{"y":-10,"x":-27,"skX":170,"skY":170},"parent":"head_bone","name":"head_hair_bone_01"},{"length":77,"transform":{"y":-112.0752,"x":117.3207,"skX":150,"skY":150},"parent":"head_bone","name":"mouth_bone"},{"length":83,"transform":{"x":83,"skX":62,"skY":62},"parent":"leg_back_lt_01","name":"leg_back_lt_02"},{"length":43,"transform":{"x":46,"skX":56,"skY":56},"parent":"leg_back_rt_01","name":"leg_back_rt_02"},{"inheritRotation":0,"length":45,"transform":{"x":53,"skX":120,"skY":120},"parent":"leg_front_rt_02","name":"leg_front_rt_03"},{"length":43,"transform":{"x":43,"skX":-18,"skY":-18},"parent":"ear_lt_bone_01","name":"ear_lt_bone_02"},{"inheritRotation":0,"length":55,"transform":{"x":65,"skX":115,"skY":115},"parent":"leg_front_lt_02","name":"leg_front_lt_03"},{"inheritRotation":0,"length":41,"transform":{"x":43,"skX":112,"skY":112},"parent":"leg_back_rt_02","name":"leg_back_rt_03"},{"inheritRotation":0,"length":52,"transform":{"x":83,"skX":117,"skY":117},"parent":"leg_back_lt_02","name":"leg_back_lt_03"}],"ik":[{"bone":"leg_front_lt_02","chain":1,"name":"bone_ik2","bendPositive":"false","target":"leg_front_lt_ik"},{"bone":"leg_front_rt_02","chain":1,"name":"bone_ik3","bendPositive":"false","target":"leg_front_rt_ik"},{"bone":"leg_back_lt_02","chain":1,"name":"bone_ik","target":"leg_back_lt_ik"},{"bone":"leg_back_rt_02","chain":1,"name":"bone_ik1","target":"leg_back_rt_ik"}],"skin":[{"name":"","slot":[{"display":[{"edges":[1,2,4,5,5,6,7,8,8,9,9,10,10,11,11,12,12,13,13,14,16,17,17,18,18,19,20,21,21,22,22,23,23,24,24,25,0,26,25,0,26,1,19,27,27,20,15,28,28,16,14,29,29,15,2,30,30,3,3,31,31,4,6,35,35,7],"bonePose":[17,0.8480480961564261,0.5299192642332048,-0.5299192642332048,0.8480480961564261,117,-176.99999999999997,27,-0.06975647374412525,0.9975640502598242,-0.9975640502598242,-0.06975647374412525,187.38799198098337,-133.01670106864398,33,-0.45399049973954664,0.8910065241883677,-0.8910065241883677,-0.45399049973954664,181.59820466022097,-50.21888489707858],"slotPose":[1,-1.1102230246251563e-16,1.1102230246251563e-16,1,171.5,-89.99999999999999],"triangles":[5,15,6,15,29,6,6,34,35,35,34,7,34,8,7,29,34,6,29,14,34,4,15,5,14,33,34,31,30,4,30,15,4,2,15,30,34,33,8,33,9,8,3,30,31,14,32,33,28,15,2,0,17,26,26,17,1,17,16,1,32,10,33,1,16,2,16,28,2,33,10,9,25,17,0,22,18,24,18,17,24,24,17,25,14,13,32,32,11,10,13,11,32,13,12,11,23,22,24,22,21,18,21,19,18,27,19,21,20,27,21],"vertices":[-8.05,-98.75,7.85,-90,17.6,-80.05,32.15,-72.3,42,-50.4,47.05,-28.9,50.5,-2.05,50,24.8,36.95,33.85,18.9,41.05,2.5,42.3,-9.5,40.5,-16.9,37.5,-10.9,18.4,-5.85,-4.25,-4.2,-17.2,-21.15,-18.25,-37.7,-24.5,-54.7,-35.8,-70.65,-52.6,-74.9,-63.75,-67.9,-76.25,-56.25,-89.95,-41.2,-99.85,-32.2,-101,-16.1,-101,0.6,-95.1,-73.89,-59.68,-7.14,-17.08,-4.58,-13.96,27.2,-73.34,34.52,-69.26,0.3,21.1,16.4,22.7,34.05,18.65,50.99,12.35],"name":"leg_back_lt","weights":[1,17,1,1,17,1,1,17,1,2,17,0.5006653224528236,27,0.4993346775471765,2,27,0.85,17,0.15,2,27,0.96,33,0.04,2,27,0.73,33,0.27,2,33,0.75,27,0.25,1,33,1,1,33,1,1,33,1,1,33,1,1,33,1,1,27,1,2,27,0.85,17,0.15,2,17,0.35000000000000003,27,0.65,2,17,0.8,27,0.2,1,17,1,1,17,1,1,17,1,1,17,1,1,17,1,1,17,1,1,17,1,1,17,1,1,17,1,1,17,1,1,17,1,2,17,0.45,27,0.55,2,17,0.3,27,0.7000000000000001,2,17,0.75,27,0.25,2,17,0.15,27,0.85,1,27,1,1,27,1,2,27,0.5,33,0.5,2,27,0.5,33,0.5],"userEdges":[],"type":"mesh","uvs":[0.44561,0.01114,0.55304,0.05446,0.61892,0.10371,0.71723,0.14208,0.78378,0.25049,0.81791,0.35693,0.84122,0.48985,0.83783,0.62277,0.74966,0.66757,0.6277,0.70322,0.51689,0.70941,0.43581,0.7005,0.38581,0.68564,0.42635,0.59109,0.46047,0.47896,0.47162,0.41485,0.35709,0.40965,0.24527,0.37871,0.13041,0.32277,0.02264,0.2396,-0.00608,0.18441,0.04122,0.12252,0.11993,0.0547,0.22162,0.00569,0.28243,0,0.39122,0,0.50405,0.02921,0.00077,0.20456,0.45177,0.41545,0.46904,0.43089,0.68378,0.13692,0.73325,0.15712,0.50203,0.60446,0.61081,0.61238,0.73007,0.59233,0.84454,0.56112],"width":148,"height":202,"transform":{"y":-90,"x":171.5}}],"name":"leg_back_lt"},{"display":[{"edges":[0,1,1,2,3,4,5,6,6,7,7,8,8,9,9,10,11,12,12,13,14,0,13,15,15,14,2,16,16,3,4,17,17,5,10,11],"bonePose":[22,0.48480962024633656,0.8746197071393959,-0.8746197071393959,0.48480962024633656,-127.36193539826196,-388.8447548860479,30,0.73135370161917,0.6819983600624987,-0.6819983600624987,0.73135370161917,-106.51512172766952,-351.2361074790539],"slotPose":[1,2.775557561562891e-17,-2.775557561562891e-17,1,-104.50000000000004,-369.9999999999999],"triangles":[17,8,5,8,7,5,5,7,6,9,8,17,4,10,17,10,9,17,3,10,4,11,10,3,16,11,3,12,11,16,2,13,16,13,12,16,1,15,2,15,13,2,0,15,1,14,15,0],"vertices":[-18.5,-54.9,-14.35,-39.35,-8.1,-22.8,16.7,3.7,27.55,13,36.5,31.3,36.5,41.55,29.1,51.4,20.65,55,6.25,55,-6.25,46.65,-18.2,34.1,-29.5,15.6,-36.5,-11,-36.5,-55,-36.5,-37.2,3.58,-5.05,32.75,21.59],"name":"ear_lt","weights":[1,22,1,1,22,1,1,22,1,1,22,1,1,30,1,1,30,1,1,30,1,1,30,1,1,30,1,1,30,1,1,30,1,1,22,1,1,22,1,1,22,1,1,22,1,1,22,1,1,22,1,1,30,1],"userEdges":[],"type":"mesh","uvs":[0.24658,0.00091,0.30342,0.14227,0.38904,0.29273,0.72877,0.53364,0.8774,0.61818,1,0.78455,1,0.87773,0.89863,0.96727,0.78288,1,0.58562,1,0.41438,0.92409,0.25068,0.81,0.09589,0.64182,0,0.4,0,0,0,0.16182,0.54898,0.45405,0.94861,0.6963],"width":73,"height":110,"transform":{"y":-370,"x":-104.5}}],"name":"ear_lt"},{"display":[{"type":"image","name":"Sheep_01_Hair","transform":{"y":-0.9366,"x":75.8467,"skX":90,"skY":90}}],"name":"hair"},{"display":[{"type":"image","name":"foot_front_toe_rt","transform":{"y":1.5,"x":13.5,"skX":-120,"skY":-120}}],"name":"foot_front_toe_rt"},{"display":[{"type":"image","name":"foot_front_toe_lt","transform":{"y":-1.5,"x":16,"skX":-115,"skY":-115}}],"name":"foot_front_toe_lt"},{"display":[{"type":"image","name":"eye_lt","transform":{"y":1,"x":0.5}}],"name":"eye_lt"},{"display":[{"type":"image","name":"foot_back_toe_rt","transform":{"y":-1.1532,"x":16,"skX":-114,"skY":-114}}],"name":"foot_back_toe_rt"},{"display":[{"edges":[2,3,3,4,5,6,6,7,7,8,10,11,11,12,13,0,12,14,14,13,15,10,0,16,16,1,1,17,17,2,8,18,18,9,9,19,19,15,4,20,20,5],"bonePose":[16,-0.42261826174069894,0.9063077870366502,-0.9063077870366502,-0.42261826174069894,-125,-190,24,-0.08715574274765758,0.9961946980917454,-0.9961946980917454,-0.08715574274765758,-154.58327832184892,-126.55845490743448,29,-0.49999999999999933,0.866025403784439,-0.866025403784439,-0.49999999999999933,-159.20253268747476,-73.76013590857201],"slotPose":[1,0,0,1,-171.69999999999996,-106],"triangles":[0,15,10,14,0,10,14,10,11,12,14,11,16,19,15,0,16,15,23,9,19,16,23,19,13,0,14,23,18,9,23,8,18,23,7,8,23,6,7,16,22,23,1,17,22,16,1,22,22,5,6,22,6,23,21,20,5,17,21,22,21,5,22,17,2,21,3,4,2,4,20,21,2,4,21],"vertices":[11.75,-55.15,1.35,-25.5,-7.85,-4.35,-26.2,24.75,-16.9,30.3,11.55,33.2,31.3,28.7,54.4,18.7,60.2,4,64.95,-13.35,70,-49.8,70,-67.95,58.85,-87.1,19.25,-82.75,51.31,-86.73,67.76,-31.79,2.63,-29.14,-0.29,-21.3,63.93,-8.7,65.86,-19.1,-5.12,33.87,1.75,1.15,17.2,4.9,33.1,6.4],"name":"leg_front_rt","weights":[1,16,1,2,16,0.5,24,0.5,2,24,0.8,16,0.2,1,29,1,1,29,1,1,29,1,1,29,1,1,29,1,2,24,0.75,16,0.25,2,16,0.5,24,0.5,2,16,0.9,24,0.1,1,16,1,1,16,1,1,16,1,1,16,1,2,16,0.75,24,0.25,2,16,0.75,24,0.25,2,24,0.75,16,0.25,2,24,0.59,16,0.41,2,16,0.59,24,0.41,1,29,1,2,16,0.2,24,0.8,2,16,0.2,24,0.8,2,16,0.2,24,0.8],"userEdges":[],"type":"mesh","uvs":[0.58393,0.18305,0.50964,0.35345,0.44393,0.475,0.31285,0.64224,0.37928,0.67413,0.5825,0.69081,0.72357,0.66495,0.88857,0.60748,0.93,0.52299,0.96393,0.42328,1,0.21379,1,0.10948,0.92036,-0.00057,0.6375,0.02443,0.86649,0.00157,0.984,0.31732,0.51876,0.33253,0.49796,0.37756,0.95668,0.45001,0.97044,0.39024,0.46346,0.69464,0.5125,0.50661,0.62286,0.52816,0.73643,0.53678],"width":140,"height":174,"transform":{"y":-106,"x":-171.7}}],"name":"leg_front_rt"},{"display":[{"type":"image","name":"copyrights","transform":{"y":100}}],"name":"copyrights"},{"display":[{"type":"image","name":"foot_back_toe_lt","transform":{"y":-8.4329,"x":14.7912,"skX":-118,"skY":-118}}],"name":"foot_back_toe_lt"},{"display":[{"edges":[2,3,4,5,5,6,12,13,13,14,14,15,16,17,17,18,18,19,19,0,3,4,11,12,10,11,9,10,1,20,20,21,21,2,7,22,22,8,7,23,23,6,0,24,24,1,25,9,8,26,26,25,15,16],"bonePose":[9,-1,9.9579925010296e-17,-9.9579925010296e-17,-1,-103,-335,10,1,0,0,1,-83,-335,13,-1,-1.2246467991473532e-16,1.2246467991473532e-16,-1,173,-335,12,1,0,0,1,193,-335],"slotPose":[1,0,0,1,41.5,-333.5],"triangles":[5,4,6,4,23,6,20,25,2,2,25,22,2,22,4,4,22,23,22,7,23,3,2,4,19,16,10,19,10,20,10,25,20,26,8,22,25,26,22,21,20,2,0,19,20,16,15,10,10,9,25,1,24,20,24,0,20,15,12,10,17,16,19,12,11,10,18,17,19,15,14,12,14,13,12],"vertices":[-61.3,-186.6,34,-186.55,124,-137.8,188.6,-124.95,197.25,-64.9,230.05,-35.9,235.55,34.3,187.15,122.6,119.4,188.4,-13.25,195.3,-55.25,177.75,-118.25,191.8,-173.2,158.1,-224.8,153.65,-237.3,120,-231.05,58.05,-199.2,-65.45,-162.55,-173.85,-123.85,-186.05,-93.15,-171.2,63.85,-160.85,101.85,-164.57,145.72,144.16,203.22,78,-14.51,-195.05,33.91,183.7,61.86,192.86],"name":"Sheep_01_Body","weights":[2,10,0.9,9,0.1,2,13,0.25,10,0.75,3,13,0.75,12,0.15,10,0.1,2,12,0.5,13,0.5,2,12,0.75,13,0.25,1,12,1,1,12,1,2,12,0.5,13,0.5,2,13,0.9,10,0.1,2,13,0.25,10,0.75,3,10,0.8,9,0.1,13,0.1,2,10,0.75,9,0.25,2,9,0.5,10,0.5,2,9,0.75,10,0.25,1,9,1,1,9,1,1,9,1,2,9,0.75,10,0.25,2,9,0.5,10,0.5,2,10,0.75,9,0.25,2,13,0.5,10,0.5,2,13,0.75,10,0.25,2,13,0.85,12,0.15,2,12,0.75,13,0.25,2,10,0.9,13,0.1,2,13,0.5,10,0.5,2,13,0.65,10,0.35000000000000003],"userEdges":[],"type":"mesh","uvs":[0.37095,0.02759,0.57158,0.02772,0.76105,0.15114,0.89705,0.18367,0.91526,0.3357,0.98432,0.40911,0.99589,0.58684,0.894,0.81038,0.75137,0.97696,0.47211,0.99443,0.38368,0.95,0.25105,0.98557,0.13537,0.90025,0.02674,0.88899,0.00042,0.8038,0.01358,0.64696,0.08063,0.3343,0.15779,0.05987,0.23926,0.02899,0.30389,0.06658,0.63441,0.09278,0.71443,0.08337,0.80679,0.86496,0.92783,0.69747,0.46946,0.00621,0.5714,0.96507,0.63024,0.98825],"width":475,"height":395,"transform":{"y":-333.5,"x":41.5}}],"name":"body"},{"display":[{"type":"image","name":"eye_rt","transform":{"y":0.5,"x":1}}],"name":"eye_rt"},{"display":[{"edges":[0,1,2,3,4,5,5,6,6,7,8,9,9,0,3,10,10,4,7,11,11,8,1,12,12,2],"bonePose":[23,-0.4999999999999995,0.8660254037844386,-0.8660254037844386,-0.4999999999999995,-327.97693242113775,-386.633611330132,14,-0.1736481776669301,0.984807753012208,-0.984807753012208,-0.1736481776669301,-245,-385],"slotPose":[1,5.551115123125783e-17,-5.551115123125783e-17,1,-336.0000000000001,-385.5],"triangles":[2,11,8,12,2,8,1,12,8,1,8,9,0,1,9,2,3,7,2,7,11,5,6,7,3,10,7,10,4,7,4,5,7],"vertices":[13.9,-39.5,9.6,-27.7,-3.9,-2.6,-11.95,4.7,-18.05,30.65,-8.4,39.5,8.75,39.5,13.4,21.75,18,-8.75,18,-39.4,-17.82,10.9,16.42,4.88,3.91,-14.39],"name":"ear_rt","weights":[1,14,1,1,14,1,1,23,1,1,23,1,1,23,1,1,23,1,1,23,1,1,23,1,2,14,0.5,23,0.5,1,14,1,1,23,1,1,23,1,2,14,0.5,23,0.5],"userEdges":[],"type":"mesh","uvs":[0.88611,0,0.76667,0.14937,0.39167,0.46709,0.16806,0.55949,-0.00139,0.88797,0.26667,1,0.74306,1,0.87222,0.77532,1,0.38924,1,0.00127,0.00511,0.63799,0.95624,0.56173,0.60865,0.31786],"width":36,"height":79,"transform":{"y":-385.5,"x":-336}}],"name":"ear_rt"},{"display":[{"edges":[0,1,1,2,4,5,5,6,6,7,7,8,8,9,9,10,10,11,13,14,15,0,14,16,15,16,2,17,17,3,3,18,18,4,11,19,19,12,12,20,20,13],"bonePose":[18,0.5591929034707472,0.8290375725550414,-0.8290375725550414,0.5591929034707472,51.00000000000002,-178.99999999999997,28,-0.374606593415911,0.9271838545667878,-0.9271838545667878,-0.374606593415911,76.72287355965442,-140.86427166246807,32,-0.37460659341591207,0.9271838545667872,-0.9271838545667872,-0.37460659341591207,60.61479004277022,-100.9953659160962],"slotPose":[1,0,0,1,52.999999999999986,-118],"triangles":[20,19,12,20,13,19,13,11,19,13,3,11,23,10,11,3,23,11,17,3,13,14,0,13,0,17,13,23,9,10,23,8,9,3,22,23,15,0,14,16,15,14,0,2,17,3,18,22,22,8,23,22,7,8,18,21,22,21,6,7,21,7,22,1,2,0,5,6,21,4,5,21,18,4,21],"vertices":[-4.7,-62.8,-34.35,-48.7,-16.75,-32.35,-2.4,-19.05,-7,-3.55,-14.8,12.1,-3.1,16.3,8.95,17.75,22.35,16.25,39.55,10.1,42.85,-5.1,47.25,-25.05,51.8,-44.25,40.5,-55.65,30.65,-67.3,19.8,-74,24.15,-73.95,-3.91,-20.45,-2.9,-16.53,51.15,-41.12,50.06,-46,0.35,-1,12.15,0.8,25.1,0.45],"name":"leg_back_rt","weights":[1,18,1,1,18,1,2,18,0.85,28,0.15,2,18,0.45,28,0.55,2,28,0.85,18,0.15,1,32,1,1,32,1,1,32,1,1,32,1,2,32,0.55,28,0.45,2,28,0.8,32,0.2,2,28,0.65,18,0.35000000000000003,2,18,0.5008276295918969,28,0.4991723704081031,1,18,1,1,18,1,1,18,1,1,18,1,2,18,0.55,28,0.45,2,18,0.35000000000000003,28,0.65,2,18,0.35000000000000003,28,0.65,2,18,0.65,28,0.35000000000000003,3,18,0.15,28,0.65,32,0.2,3,18,0.15,28,0.65,32,0.2,3,18,0.15,28,0.65,32,0.2],"userEdges":[],"type":"mesh","uvs":[0.46083,0.07568,0.21375,0.17095,0.36042,0.28142,0.48,0.37128,0.44166,0.47601,0.37667,0.58176,0.47417,0.61014,0.57458,0.61993,0.68625,0.60979,0.82958,0.56824,0.85709,0.46554,0.89375,0.33074,0.93167,0.20101,0.8375,0.12399,0.75542,0.04527,0.665,0,0.70125,0.00034,0.46739,0.36181,0.47587,0.38833,0.92627,0.22219,0.91717,0.18916,0.50292,0.49324,0.60125,0.50541,0.70917,0.50304],"width":120,"height":148,"transform":{"y":-118,"x":53}}],"name":"leg_back_rt"},{"display":[{"edges":[0,1,1,2,4,5,5,6,6,7,7,8,8,9,9,10,10,11,13,14,14,15,15,16,16,17,17,0,3,18,18,4,2,19,19,3,12,20,20,13,11,21,21,12],"bonePose":[15,-0.3420201433256681,0.9396926207859084,-0.9396926207859084,-0.3420201433256681,-41,-186,19,6.661338147750939e-16,1,-1,6.661338147750939e-16,-66.65151074942511,-115.52305344105686,31,-0.42261826174069894,0.90630778703665,-0.90630778703665,-0.42261826174069894,-66.6515107494251,-50.523053441056874],"slotPose":[1,5.551115123125783e-17,-5.551115123125783e-17,1,-76.70000000000002,-84.99999999999999],"triangles":[2,19,20,17,1,14,1,2,14,14,2,13,2,20,13,16,17,15,17,14,15,24,10,11,24,11,21,3,24,12,20,19,12,19,3,12,24,21,12,24,9,10,23,8,9,18,23,24,3,18,24,23,9,24,18,22,23,0,1,17,22,7,23,23,7,8,5,6,22,18,4,22,22,6,7,4,5,22],"vertices":[3.65,-101.25,2.4,-82.05,-1.45,-57.45,-5.95,-33.6,-14.55,-1.1,-24.3,24.3,-14.95,31.6,-0.1,35.5,17.95,34.4,34.3,27.75,54,16.3,57.15,-3.15,59.5,-25.95,61,-48.55,61,-74.75,61,-95.9,61,-101.5,26.95,-101.5,-6.83,-29.81,-5.2,-37.58,59.82,-30.76,59.07,-21.2,-2.45,3.65,17.15,5.25,34.25,3.3],"name":"leg_front_lt","weights":[1,15,1,1,15,1,1,15,1,2,15,0.5,19,0.5,1,19,1,1,31,1,1,31,1,1,31,1,1,31,1,1,31,1,1,31,1,3,19,0.6,15,0.12,31,0.28,2,15,0.5,19,0.5,2,15,0.8,19,0.2,2,15,0.95,19,0.05,1,15,1,1,15,1,1,15,1,2,15,0.24,19,0.76,2,15,0.76,19,0.24,2,15,0.6,19,0.4,2,15,0.4,19,0.6,2,15,0.05,19,0.95,2,15,0.05,19,0.95,2,15,0.05,19,0.95],"userEdges":[],"type":"mesh","uvs":[0.52992,0.00123,0.51967,0.09581,0.48811,0.217,0.45123,0.33448,0.38074,0.49459,0.30082,0.61971,0.37746,0.65567,0.49918,0.67488,0.64713,0.66946,0.78114,0.6367,0.94262,0.5803,0.96844,0.48449,0.9877,0.37217,1,0.26084,1,0.13177,1,0.02759,1,0,0.7209,0,0.44398,0.35314,0.45739,0.31487,0.99032,0.34846,0.98422,0.39557,0.47992,0.51798,0.64057,0.52586,0.78074,0.51626],"width":122,"height":203,"transform":{"y":-85,"x":-76.7}}],"name":"leg_front_lt"},{"display":[{"edges":[0,1,9,10,11,12,12,0,1,2,2,3,3,4,10,11,8,9,5,6,6,7,7,8,4,30,30,5],"bonePose":[14,-0.1736481776669301,0.984807753012208,-0.984807753012208,-0.1736481776669301,-245,-385,26,-0.34202014332566844,-0.9396926207859084,0.9396926207859084,-0.34202014332566844,-155.00000000000003,-250],"slotPose":[1,0,0,1,-253,-295.4],"triangles":[25,24,3,27,25,3,22,21,3,21,4,3,23,22,3,28,13,2,0,28,2,27,3,2,13,27,2,1,0,2,24,23,3,14,28,0,12,14,0,24,19,23,23,20,22,20,21,22,19,20,23,25,18,24,18,19,24,19,15,20,17,18,25,26,17,25,30,4,21,20,15,21,15,30,21,13,28,27,28,26,27,26,25,27,16,15,19,18,16,19,17,16,18,28,14,26,12,10,14,14,17,26,5,30,15,6,5,15,14,29,17,29,15,17,17,15,16,8,6,15,9,8,15,10,29,14,29,10,15,10,9,15,11,10,12,8,7,6],"vertices":[80.5,-128.85,109.85,-120.15,114.45,-53.6,109.55,24.2,77.5,104,23.95,134.6,-56.7,133.35,-99.3,109.2,-113.6,65.05,-113.85,11.35,-85.15,-42.55,-73.7,-118.2,-34.15,-135.2,85.6,-21.15,63.8,-13.95,61,11.3,70.5,11.2,70.95,-1.65,80.1,11,84.15,22.5,86.7,39.3,86.9,65.65,98.2,41.5,96.6,29.85,93.3,16.45,87.1,4.9,76.95,-9,86.55,-11.85,74.45,-18.9,60.75,-4.9,43.77,123.27],"name":"Sheep_01_Head","weights":[1,14,1,1,14,1,1,14,1,1,14,1,1,14,1,1,14,1,1,14,1,1,14,1,1,14,1,1,14,1,1,14,1,1,14,1,1,14,1,1,26,1,1,26,1,1,26,1,1,26,1,1,26,1,1,26,1,1,26,1,1,26,1,1,14,1,1,14,1,1,26,1,1,26,1,1,26,1,1,26,1,1,26,1,1,26,1,1,26,1,1,14,1],"userEdges":[],"type":"mesh","uvs":[0.85153,0.02629,0.97969,0.05827,0.99978,0.30294,0.97838,0.58897,0.83843,0.88235,0.60459,0.99485,0.2524,0.99026,0.06638,0.90147,0.00393,0.73915,0.00284,0.54173,0.12817,0.34357,0.17817,0.06544,0.35087,0.00294,0.8738,0.42224,0.7786,0.44871,0.76638,0.54154,0.80786,0.54118,0.80983,0.49393,0.84978,0.54044,0.86747,0.58272,0.8786,0.64449,0.87948,0.74136,0.92882,0.65257,0.92183,0.60974,0.90742,0.56048,0.88035,0.51801,0.83603,0.46691,0.87795,0.45643,0.82511,0.43051,0.76528,0.48199,0.69114,0.95321],"width":229,"height":272,"transform":{"y":-295.4,"x":-253}}],"name":"head"}]}],"name":"Armature","animation":[{"playTimes":0,"bone":[{"frame":[{"duration":45,"transform":{},"tweenEasing":null}],"name":"root"},{"frame":[{"duration":22,"transform":{"y":75},"curve":[0.5,0,0.5,1]},{"duration":23,"transform":{"y":80},"curve":[0.5,0,0.5,1]},{"duration":0,"transform":{"y":75},"tweenEasing":null}],"name":"hips_eff"},{"frame":[{"duration":45,"transform":{},"tweenEasing":null}],"name":"leg_back_lt_ik"},{"frame":[{"duration":45,"transform":{},"tweenEasing":null}],"name":"leg_back_rt_ik"},{"frame":[{"duration":45,"transform":{},"tweenEasing":null}],"name":"leg_front_lt_ik"},{"frame":[{"duration":45,"transform":{},"tweenEasing":null}],"name":"leg_front_rt_ik"},{"frame":[{"duration":22,"transform":{"y":75},"curve":[0.5,0,0.5,1]},{"duration":23,"transform":{"y":80},"curve":[0.5,0,0.5,1]},{"duration":0,"transform":{"y":75},"tweenEasing":null}],"name":"chest_eff"},{"frame":[{"duration":45,"transform":{},"tweenEasing":null}],"name":"spine_bone_01"},{"frame":[{"duration":11,"transform":{},"tweenEasing":0},{"duration":11,"transform":{"skX":1,"skY":1},"tweenEasing":0},{"duration":11,"transform":{},"tweenEasing":0},{"duration":12,"transform":{"skX":-1,"skY":-1},"tweenEasing":0},{"duration":0,"transform":{},"tweenEasing":null}],"name":"neck_bone"},{"frame":[{"duration":45,"transform":{},"tweenEasing":null}],"name":"spine_bone_02"},{"frame":[{"duration":11,"transform":{},"tweenEasing":0},{"duration":11,"transform":{"skX":-1,"skY":-1},"tweenEasing":0},{"duration":11,"transform":{},"tweenEasing":0},{"duration":12,"transform":{"skX":1,"skY":1},"tweenEasing":0},{"duration":0,"transform":{},"tweenEasing":null}],"name":"hips_bone"},{"frame":[{"duration":45,"transform":{"y":-15,"x":-30,"skX":29.4003,"skY":29.4003},"tweenEasing":null}],"name":"leg_front_rt_01"},{"frame":[{"duration":45,"transform":{"y":14,"x":30,"skX":33.0843,"skY":33.0843},"tweenEasing":null}],"name":"leg_front_lt_01"},{"frame":[{"duration":11,"transform":{"y":-15,"x":-22,"skX":-10,"skY":-10},"tweenEasing":0},{"duration":11,"transform":{"y":-10,"x":-22,"skX":-8,"skY":-8},"tweenEasing":0},{"duration":11,"transform":{"y":-15,"x":-22,"skX":-10,"skY":-10},"tweenEasing":0},{"duration":12,"transform":{"y":-20,"x":-22,"skX":-12,"skY":-12},"tweenEasing":0},{"duration":0,"transform":{"y":-15,"x":-22,"skX":-10,"skY":-10},"tweenEasing":null}],"name":"head_bone"},{"frame":[{"duration":45,"transform":{"y":33,"x":-41,"skX":-21.3245,"skY":-21.3245},"tweenEasing":null}],"name":"leg_back_lt_01"},{"frame":[{"duration":45,"transform":{"y":31,"x":-7,"skX":-36.5564,"skY":-36.5564},"tweenEasing":null}],"name":"leg_back_rt_01"},{"frame":[{"duration":45,"transform":{},"tweenEasing":null}],"name":"leg_front_lt_02"},{"frame":[{"duration":45,"transform":{},"tweenEasing":0},{"duration":0,"transform":{},"tweenEasing":null}],"name":"head_hair_bone_01"},{"frame":[{"duration":45,"transform":{"scY":0.1},"tweenEasing":null}],"name":"eye_lt"},{"frame":[{"duration":45,"transform":{},"tweenEasing":0},{"duration":0,"transform":{},"tweenEasing":null}],"name":"ear_lt_bone_01"},{"frame":[{"duration":45,"transform":{},"tweenEasing":0},{"duration":0,"transform":{},"tweenEasing":null}],"name":"ear_rt_bone_01"},{"frame":[{"duration":45,"transform":{},"tweenEasing":null}],"name":"leg_front_rt_02"},{"frame":[{"duration":45,"transform":{},"tweenEasing":null}],"name":"leg_back_lt_02"},{"frame":[{"duration":45,"transform":{"scY":0.1},"tweenEasing":null}],"name":"eye_rt"},{"frame":[{"duration":45,"transform":{},"tweenEasing":null}],"name":"leg_back_rt_02"},{"frame":[{"duration":45,"transform":{"skX":-100,"skY":-100},"tweenEasing":null}],"name":"leg_front_rt_03"},{"frame":[{"duration":45,"transform":{},"tweenEasing":0},{"duration":0,"transform":{},"tweenEasing":null}],"name":"ear_lt_bone_02"},{"frame":[{"duration":45,"transform":{"skX":-85,"skY":-85},"tweenEasing":null}],"name":"leg_front_lt_03"},{"frame":[{"duration":45,"transform":{"skX":33,"skY":33},"tweenEasing":null}],"name":"leg_back_lt_03"},{"frame":[{"duration":45,"transform":{"skX":33,"skY":33},"tweenEasing":null}],"name":"leg_back_rt_03"},{"frame":[{"duration":45,"transform":{},"tweenEasing":null}],"name":"mouth_bone"},{"frame":[{"duration":45,"transform":{},"tweenEasing":null}],"name":"mesh"},{"frame":[{"duration":45,"transform":{},"tweenEasing":null}],"name":"ik_effectors"},{"frame":[{"duration":45,"transform":{},"tweenEasing":null}],"name":"sheep_global_control"}],"frame":[],"duration":45,"slot":[],"ffd":[],"name":"goat_sleep_idle_anim"},{"playTimes":0,"bone":[{"frame":[{"duration":44,"transform":{},"tweenEasing":null}],"name":"root"},{"frame":[{"duration":22,"transform":{},"curve":[0.5,0,0.5,1]},{"duration":22,"transform":{"y":10},"curve":[0.5,0,0.5,1]},{"duration":0,"transform":{},"tweenEasing":null}],"name":"hips_eff"},{"frame":[{"duration":44,"transform":{},"tweenEasing":null}],"name":"leg_back_lt_ik"},{"frame":[{"duration":44,"transform":{},"tweenEasing":null}],"name":"leg_back_rt_ik"},{"frame":[{"duration":44,"transform":{},"tweenEasing":null}],"name":"leg_front_lt_ik"},{"frame":[{"duration":44,"transform":{},"tweenEasing":null}],"name":"leg_front_rt_ik"},{"frame":[{"duration":22,"transform":{},"curve":[0.5,0,0.5,1]},{"duration":22,"transform":{"y":10},"curve":[0.5,0,0.5,1]},{"duration":0,"transform":{},"tweenEasing":null}],"name":"chest_eff"},{"frame":[{"duration":44,"transform":{},"tweenEasing":null}],"name":"spine_bone_01"},{"frame":[{"duration":11,"transform":{},"tweenEasing":0},{"duration":11,"transform":{"skX":1,"skY":1},"tweenEasing":0},{"duration":11,"transform":{},"tweenEasing":0},{"duration":11,"transform":{"skX":-1,"skY":-1},"tweenEasing":0},{"duration":0,"transform":{},"tweenEasing":null}],"name":"neck_bone"},{"frame":[{"duration":44,"transform":{},"tweenEasing":null}],"name":"spine_bone_02"},{"frame":[{"duration":11,"transform":{},"tweenEasing":0},{"duration":11,"transform":{"skX":-1,"skY":-1},"tweenEasing":0},{"duration":11,"transform":{},"tweenEasing":0},{"duration":11,"transform":{"skX":1,"skY":1},"tweenEasing":0},{"duration":0,"transform":{},"tweenEasing":null}],"name":"hips_bone"},{"frame":[{"duration":44,"transform":{},"tweenEasing":null}],"name":"leg_front_rt_01"},{"frame":[{"duration":44,"transform":{},"tweenEasing":null}],"name":"leg_front_lt_01"},{"frame":[{"duration":11,"transform":{"x":-22},"tweenEasing":0},{"duration":11,"transform":{"x":-22,"skX":2,"skY":2},"tweenEasing":0},{"duration":11,"transform":{"x":-22},"tweenEasing":0},{"duration":11,"transform":{"x":-22,"skX":-2,"skY":-2},"tweenEasing":0},{"duration":0,"transform":{"x":-22},"tweenEasing":null}],"name":"head_bone"},{"frame":[{"duration":44,"transform":{},"tweenEasing":null}],"name":"leg_back_lt_01"},{"frame":[{"duration":44,"transform":{},"tweenEasing":null}],"name":"leg_back_rt_01"},{"frame":[{"duration":44,"transform":{},"tweenEasing":null}],"name":"leg_front_lt_02"},{"frame":[{"duration":5,"transform":{"scX":0.98},"tweenEasing":0},{"duration":11,"transform":{},"tweenEasing":0},{"duration":11,"transform":{"scX":1.05},"tweenEasing":0},{"duration":11,"transform":{},"tweenEasing":0},{"duration":6,"transform":{"scX":0.95},"tweenEasing":0},{"duration":0,"transform":{"scX":0.9773},"tweenEasing":null}],"name":"head_hair_bone_01"},{"frame":[{"duration":44,"transform":{},"tweenEasing":0},{"duration":0,"transform":{},"tweenEasing":null}],"name":"eye_lt"},{"frame":[{"duration":11,"transform":{},"tweenEasing":0},{"duration":11,"transform":{"skX":-4,"skY":-4},"tweenEasing":0},{"duration":11,"transform":{},"tweenEasing":0},{"duration":11,"transform":{"skX":4,"skY":4},"tweenEasing":0},{"duration":0,"transform":{},"tweenEasing":null}],"name":"ear_lt_bone_01"},{"frame":[{"duration":11,"transform":{},"tweenEasing":0},{"duration":11,"transform":{"y":0.0006,"x":-0.0038,"skX":10,"scY":0.95,"skY":10,"scX":0.95},"tweenEasing":0},{"duration":11,"transform":{"y":0.0006,"x":-0.0038,"scY":0.9,"scX":0.9},"tweenEasing":0},{"duration":11,"transform":{"y":0.0006,"x":-0.0038,"skX":-10,"scY":0.95,"skY":-10,"scX":0.95},"tweenEasing":0},{"duration":0,"transform":{},"tweenEasing":null}],"name":"ear_rt_bone_01"},{"frame":[{"duration":44,"transform":{},"tweenEasing":null}],"name":"leg_front_rt_02"},{"frame":[{"duration":44,"transform":{},"tweenEasing":null}],"name":"leg_back_lt_02"},{"frame":[{"duration":44,"transform":{},"curve":[0,0,1,1]},{"duration":0,"transform":{},"tweenEasing":null}],"name":"eye_rt"},{"frame":[{"duration":44,"transform":{},"tweenEasing":null}],"name":"leg_back_rt_02"},{"frame":[{"duration":44,"transform":{},"tweenEasing":null}],"name":"leg_front_rt_03"},{"frame":[{"duration":2,"transform":{"skX":1.6667,"skY":1.6667},"tweenEasing":0},{"duration":11,"transform":{},"tweenEasing":0},{"duration":11,"transform":{"skX":-10,"skY":-10},"tweenEasing":0},{"duration":11,"transform":{},"tweenEasing":0},{"duration":9,"transform":{"skX":10,"skY":10},"tweenEasing":0},{"duration":0,"transform":{"skX":1.6667,"skY":1.6667},"tweenEasing":null}],"name":"ear_lt_bone_02"},{"frame":[{"duration":44,"transform":{},"tweenEasing":null}],"name":"leg_front_lt_03"},{"frame":[{"duration":44,"transform":{},"tweenEasing":null}],"name":"leg_back_lt_03"},{"frame":[{"duration":44,"transform":{},"tweenEasing":null}],"name":"leg_back_rt_03"},{"frame":[{"duration":44,"transform":{},"tweenEasing":null}],"name":"mouth_bone"},{"frame":[{"duration":44,"transform":{},"tweenEasing":null}],"name":"mesh"},{"frame":[{"duration":44,"transform":{},"tweenEasing":null}],"name":"ik_effectors"},{"frame":[{"duration":44,"transform":{},"tweenEasing":null}],"name":"sheep_global_control"}],"frame":[],"duration":44,"slot":[],"ffd":[],"name":"goat_idle_anim"},{"playTimes":0,"bone":[{"frame":[{"duration":32,"transform":{},"tweenEasing":null}],"name":"root"},{"frame":[{"duration":4,"transform":{},"tweenEasing":0},{"duration":4,"transform":{"y":-10},"tweenEasing":0},{"duration":4,"transform":{},"tweenEasing":0},{"duration":4,"transform":{"y":10},"tweenEasing":0},{"duration":4,"transform":{},"tweenEasing":0},{"duration":4,"transform":{"y":-10},"tweenEasing":0},{"duration":4,"transform":{},"tweenEasing":0},{"duration":4,"transform":{"y":10},"tweenEasing":0},{"duration":0,"transform":{},"tweenEasing":null}],"name":"hips_eff"},{"frame":[{"duration":4,"transform":{"y":-1.7811,"x":-70.5982},"tweenEasing":0},{"duration":4,"transform":{"y":-4.7811,"x":-32.0982},"tweenEasing":0},{"duration":4,"transform":{"y":-4.7811,"x":-3.5982},"tweenEasing":0},{"duration":4,"transform":{"y":-4.7811,"x":26.4018},"tweenEasing":0},{"duration":4,"transform":{"y":-24.7811,"x":-53.5982},"tweenEasing":0},{"duration":4,"transform":{"y":-39.7811,"x":-93.5982},"tweenEasing":0},{"duration":4,"transform":{"y":1.2189,"x":-160.5982},"tweenEasing":0},{"duration":4,"transform":{"y":1.2189,"x":-118.5982},"tweenEasing":0},{"duration":0,"transform":{"y":-1.7811,"x":-70.5982},"tweenEasing":null}],"name":"leg_back_lt_ik"},{"frame":[{"duration":4,"transform":{"y":-19.0046,"x":62.3852},"tweenEasing":0},{"duration":4,"transform":{"y":-24.0046,"x":12.3852},"tweenEasing":0},{"duration":4,"transform":{"y":3.9954,"x":-47.6148},"tweenEasing":0},{"duration":4,"transform":{"y":3.9954,"x":-12.6148},"tweenEasing":0},{"duration":4,"transform":{"y":3.9954,"x":32.3852},"tweenEasing":0},{"duration":4,"transform":{"y":3.9954,"x":67.3852},"tweenEasing":0},{"duration":4,"transform":{"y":3.9954,"x":97.3852},"tweenEasing":0},{"duration":4,"transform":{"y":3.9954,"x":127.3852},"tweenEasing":0},{"duration":0,"transform":{"y":-19.0046,"x":62.3852},"tweenEasing":null}],"name":"leg_back_rt_ik"},{"frame":[{"duration":4,"transform":{"y":-8.4769,"x":47.6515},"tweenEasing":0},{"duration":4,"transform":{"y":-9.4769,"x":61.6515},"tweenEasing":0},{"duration":4,"transform":{"y":-29.4769,"x":-5.3485},"tweenEasing":0},{"duration":4,"transform":{"y":-39.4769,"x":-45.3485},"tweenEasing":0},{"duration":4,"transform":{"y":-8.4769,"x":-110.3485},"tweenEasing":0},{"duration":4,"transform":{"y":-8.4769,"x":-60.3485},"tweenEasing":0},{"duration":4,"transform":{"y":-8.4769,"x":-25.3485},"tweenEasing":0},{"duration":4,"transform":{"y":-12.4769,"x":19.6515},"tweenEasing":0},{"duration":0,"transform":{"y":-8.4769,"x":47.6515},"tweenEasing":null}],"name":"leg_front_lt_ik"},{"frame":[{"duration":4,"transform":{"y":-1.2399,"x":-11.9975},"tweenEasing":0},{"duration":4,"transform":{"y":-1.2399,"x":27.2025},"tweenEasing":0},{"duration":4,"transform":{"y":-6.2399,"x":62.2025},"tweenEasing":0},{"duration":4,"transform":{"y":-9.2399,"x":97.2025},"tweenEasing":0},{"duration":4,"transform":{"y":-13.2399,"x":117.2025},"tweenEasing":0},{"duration":4,"transform":{"y":-15.2399,"x":138.0025},"tweenEasing":0},{"duration":4,"transform":{"y":-36.2399,"x":82.2025},"tweenEasing":0},{"duration":4,"transform":{"y":-26.2399,"x":27.2025},"tweenEasing":0},{"duration":0,"transform":{"y":-1.2399,"x":-11.9975},"tweenEasing":null}],"name":"leg_front_rt_ik"},{"frame":[{"duration":4,"transform":{},"tweenEasing":0},{"duration":4,"transform":{"y":5},"tweenEasing":0},{"duration":4,"transform":{},"tweenEasing":0},{"duration":4,"transform":{"y":-5},"tweenEasing":0},{"duration":4,"transform":{},"tweenEasing":0},{"duration":4,"transform":{"y":5},"tweenEasing":0},{"duration":4,"transform":{},"tweenEasing":0},{"duration":4,"transform":{"y":-5},"tweenEasing":0},{"duration":0,"transform":{},"tweenEasing":null}],"name":"chest_eff"},{"frame":[{"duration":4,"transform":{},"tweenEasing":0},{"duration":4,"transform":{"y":5,"skX":2,"skY":2},"tweenEasing":0},{"duration":4,"transform":{},"tweenEasing":0},{"duration":4,"transform":{"y":-5,"skX":-2,"skY":-2},"tweenEasing":0},{"duration":4,"transform":{},"tweenEasing":0},{"duration":4,"transform":{"y":5,"skX":2,"skY":2},"tweenEasing":0},{"duration":4,"transform":{},"tweenEasing":0},{"duration":4,"transform":{"y":-5,"skX":-2,"skY":-2},"tweenEasing":0},{"duration":0,"transform":{},"tweenEasing":null}],"name":"neck_bone"},{"frame":[{"duration":4,"transform":{},"tweenEasing":0},{"duration":4,"transform":{"skX":-2,"skY":-2},"tweenEasing":0},{"duration":4,"transform":{},"tweenEasing":0},{"duration":4,"transform":{"skX":2,"skY":2},"tweenEasing":0},{"duration":4,"transform":{},"tweenEasing":0},{"duration":4,"transform":{"skX":-2,"skY":-2},"tweenEasing":0},{"duration":4,"transform":{},"tweenEasing":0},{"duration":4,"transform":{"skX":2,"skY":2},"tweenEasing":0},{"duration":0,"transform":{},"tweenEasing":null}],"name":"spine_bone_02"},{"frame":[{"duration":4,"transform":{"skX":2,"skY":2},"tweenEasing":0},{"duration":4,"transform":{"y":-4.9987},"tweenEasing":0},{"duration":4,"transform":{"skX":-2,"skY":-2},"tweenEasing":0},{"duration":4,"transform":{"y":5.0013},"tweenEasing":0},{"duration":4,"transform":{"skX":2,"skY":2},"tweenEasing":0},{"duration":4,"transform":{"y":-4.9987,"skX":2,"skY":2},"tweenEasing":0},{"duration":4,"transform":{"skX":-2,"skY":-2},"tweenEasing":0},{"duration":4,"transform":{"y":5.0013},"tweenEasing":0},{"duration":0,"transform":{"skX":2,"skY":2},"tweenEasing":null}],"name":"hips_bone"},{"frame":[{"duration":4,"transform":{},"tweenEasing":0},{"duration":4,"transform":{"skX":-2,"skY":-2},"tweenEasing":0},{"duration":4,"transform":{},"tweenEasing":0},{"duration":4,"transform":{"skX":2,"skY":2},"tweenEasing":0},{"duration":4,"transform":{},"tweenEasing":0},{"duration":4,"transform":{"skX":-2,"skY":-2},"tweenEasing":0},{"duration":4,"transform":{},"tweenEasing":0},{"duration":4,"transform":{"skX":2,"skY":2},"tweenEasing":0},{"duration":0,"transform":{},"tweenEasing":null}],"name":"spine_bone_01"},{"frame":[{"duration":4,"transform":{"x":-12,"skX":0.0005,"skY":0.0005},"tweenEasing":0},{"duration":4,"transform":{"y":-5,"skX":1.0905,"skY":1.0905},"tweenEasing":0},{"duration":4,"transform":{"x":25,"skX":-1.1196,"skY":-1.1196},"tweenEasing":0},{"duration":4,"transform":{"y":2,"x":40,"skX":-20.087,"skY":-20.087},"tweenEasing":0},{"duration":4,"transform":{"y":-2,"x":40,"skX":-32.2985,"skY":-32.2985},"tweenEasing":0},{"duration":4,"transform":{"y":-2,"x":40,"skX":-36.629,"skY":-36.629},"tweenEasing":0},{"duration":4,"transform":{"y":-15,"x":20,"skX":-6.928,"skY":-6.928},"tweenEasing":0},{"duration":4,"transform":{"y":-15,"x":10,"skX":-1.3647,"skY":-1.3647},"tweenEasing":0},{"duration":0,"transform":{"x":-12,"skX":0.0005,"skY":0.0005},"tweenEasing":null}],"name":"leg_front_rt_01"},{"frame":[{"duration":4,"transform":{"y":28,"x":7,"skX":25.8733,"skY":25.8733},"tweenEasing":0},{"duration":4,"transform":{"y":14,"x":9.5,"skX":18.1833,"skY":18.1833},"tweenEasing":0},{"duration":4,"transform":{"x":12,"skX":-3.4937,"skY":-3.4937},"tweenEasing":0},{"duration":4,"transform":{"x":12,"skX":-3.4937,"skY":-3.4937},"tweenEasing":0},{"duration":4,"transform":{"y":43,"x":6,"skX":20.1383,"skY":20.1383},"tweenEasing":0},{"duration":4,"transform":{"y":38,"x":61,"skX":12.1971,"skY":12.1971},"tweenEasing":0},{"duration":4,"transform":{"y":28,"x":67,"skX":45.122,"skY":45.122},"tweenEasing":0},{"duration":4,"transform":{"y":28,"x":36,"skX":31.3992,"skY":31.3992},"tweenEasing":0},{"duration":0,"transform":{"y":28,"x":7,"skX":25.8733,"skY":25.8733},"tweenEasing":null}],"name":"leg_back_lt_01"},{"frame":[{"duration":4,"transform":{"y":11,"x":-60,"skX":15.2159,"skY":15.2159},"tweenEasing":0},{"duration":4,"transform":{"y":11,"x":-15,"skX":-7.6395,"skY":-7.6395},"tweenEasing":0},{"duration":4,"transform":{"x":12,"skX":37.2361,"skY":37.2361},"tweenEasing":0},{"duration":4,"transform":{"y":3,"x":-10,"skX":7.2849,"skY":7.2849},"tweenEasing":0},{"duration":4,"transform":{"y":-4,"x":-45,"skX":8.5321,"skY":8.5321},"tweenEasing":0},{"duration":4,"transform":{"y":-9,"x":-68,"skX":13.3624,"skY":13.3624},"tweenEasing":0},{"duration":4,"transform":{"y":1,"x":-95,"skX":8.2399,"skY":8.2399},"tweenEasing":0},{"duration":4,"transform":{"y":6,"x":-120,"skX":-6.3491,"skY":-6.3491},"tweenEasing":0},{"duration":0,"transform":{"y":11,"x":-60,"skX":15.2159,"skY":15.2159},"tweenEasing":null}],"name":"leg_back_rt_01"},{"frame":[{"duration":4,"transform":{"y":2,"x":12,"skX":-20.7728,"skY":-20.7728},"tweenEasing":0},{"duration":4,"transform":{"y":4,"x":12,"skX":-20.8431,"skY":-20.8431},"tweenEasing":0},{"duration":4,"transform":{"y":18,"x":37,"skX":4.2197,"skY":4.2197},"tweenEasing":0},{"duration":4,"transform":{"y":19,"x":69,"skX":6.4423,"skY":6.4423},"tweenEasing":0},{"duration":4,"transform":{"y":4,"x":100,"skX":15.065,"skY":15.065},"tweenEasing":0},{"duration":4,"transform":{"y":9,"x":74,"skX":-0.2217,"skY":-0.2217},"tweenEasing":0},{"duration":4,"transform":{"y":2,"x":44,"skX":2.0689,"skY":2.0689},"tweenEasing":0},{"duration":4,"transform":{"x":19,"skX":-6.2558,"skY":-6.2558},"tweenEasing":0},{"duration":0,"transform":{"y":2,"x":12,"skX":-28.4889,"skY":-28.4889},"tweenEasing":null}],"name":"leg_front_lt_01"},{"frame":[{"duration":4,"transform":{"x":-22},"tweenEasing":0},{"duration":4,"transform":{"y":-10,"x":-22,"skX":2,"skY":2},"tweenEasing":0},{"duration":4,"transform":{"x":-22},"tweenEasing":0},{"duration":4,"transform":{"y":10,"x":-22,"skX":-2,"skY":-2},"tweenEasing":0},{"duration":4,"transform":{"x":-22},"tweenEasing":0},{"duration":4,"transform":{"y":-10,"x":-22,"skX":2,"skY":2},"tweenEasing":0},{"duration":4,"transform":{"x":-22},"tweenEasing":0},{"duration":4,"transform":{"y":10,"x":-22,"skX":-2,"skY":-2},"tweenEasing":0},{"duration":0,"transform":{"x":-22},"tweenEasing":null}],"name":"head_bone"},{"frame":[{"duration":2,"transform":{"scX":0.97},"tweenEasing":0},{"duration":4,"transform":{},"tweenEasing":0},{"duration":4,"transform":{"skX":2,"skY":2,"scX":1.05},"tweenEasing":0},{"duration":4,"transform":{},"tweenEasing":0},{"duration":4,"transform":{"skX":-2,"skY":-2,"scX":0.95},"tweenEasing":0},{"duration":4,"transform":{},"tweenEasing":0},{"duration":4,"transform":{"skX":2,"skY":2,"scX":1.05},"tweenEasing":0},{"duration":4,"transform":{},"tweenEasing":0},{"duration":2,"transform":{"skX":-2,"skY":-2,"scX":0.95},"tweenEasing":0},{"duration":0,"transform":{"skX":-1,"skY":-1,"scX":0.975},"tweenEasing":null}],"name":"head_hair_bone_01"},{"frame":[{"duration":32,"transform":{},"tweenEasing":null}],"name":"eye_lt"},{"frame":[{"duration":32,"transform":{},"tweenEasing":null}],"name":"leg_back_rt_02"},{"frame":[{"duration":4,"transform":{"skX":-10,"skY":-10},"tweenEasing":0},{"duration":4,"transform":{},"tweenEasing":0},{"duration":4,"transform":{"skX":10,"skY":10},"tweenEasing":0},{"duration":4,"transform":{},"tweenEasing":0},{"duration":4,"transform":{"skX":-10,"skY":-10},"tweenEasing":0},{"duration":4,"transform":{},"tweenEasing":0},{"duration":4,"transform":{"skX":10,"skY":10},"tweenEasing":0},{"duration":4,"transform":{},"tweenEasing":0},{"duration":0,"transform":{"skX":-10,"skY":-10},"tweenEasing":null}],"name":"ear_lt_bone_01"},{"frame":[{"duration":4,"transform":{"y":0.0036,"x":0.0002,"skX":10,"skY":10},"tweenEasing":0},{"duration":4,"transform":{},"tweenEasing":0},{"duration":4,"transform":{"y":0.0036,"skX":-10,"skY":-10},"tweenEasing":0},{"duration":4,"transform":{},"tweenEasing":0},{"duration":4,"transform":{"y":0.0036,"skX":10,"skY":10},"tweenEasing":0},{"duration":4,"transform":{},"tweenEasing":0},{"duration":4,"transform":{"y":0.0036,"skX":-10,"skY":-10},"tweenEasing":0},{"duration":4,"transform":{},"tweenEasing":0},{"duration":0,"transform":{"y":0.0036,"skX":10,"skY":10},"tweenEasing":null}],"name":"ear_rt_bone_01"},{"frame":[{"duration":32,"transform":{},"tweenEasing":null}],"name":"leg_front_lt_02"},{"frame":[{"duration":32,"transform":{},"tweenEasing":null}],"name":"leg_front_rt_02"},{"frame":[{"duration":32,"transform":{},"tweenEasing":null}],"name":"leg_back_lt_02"},{"frame":[{"duration":32,"transform":{},"tweenEasing":null}],"name":"eye_rt"},{"frame":[{"duration":4,"transform":{},"tweenEasing":0},{"duration":4,"transform":{"skX":-5,"skY":-5},"tweenEasing":0},{"duration":4,"transform":{"skX":-30,"skY":-30},"tweenEasing":0},{"duration":4,"transform":{"skX":-30,"skY":-30},"tweenEasing":0},{"duration":4,"transform":{"skX":-40,"skY":-40},"tweenEasing":0},{"duration":4,"transform":{"skX":-45,"skY":-45},"tweenEasing":0},{"duration":4,"transform":{"skX":-60,"skY":-60},"tweenEasing":0},{"duration":4,"transform":{"skX":-40,"skY":-40},"tweenEasing":0},{"duration":0,"transform":{},"tweenEasing":null}],"name":"leg_front_rt_03"},{"frame":[{"duration":4,"transform":{"skX":-27,"skY":-27},"tweenEasing":0},{"duration":4,"transform":{"skX":-9.5,"skY":-9.5},"tweenEasing":0},{"duration":8,"transform":{"skX":8,"skY":8},"tweenEasing":0},{"duration":4,"transform":{"skX":8,"skY":8},"tweenEasing":0},{"duration":4,"transform":{"skX":-32,"skY":-32},"tweenEasing":0},{"duration":8,"transform":{"skX":-27,"skY":-27},"tweenEasing":0},{"duration":0,"transform":{"skX":-27,"skY":-27},"tweenEasing":null}],"name":"leg_back_rt_03"},{"frame":[{"duration":2,"transform":{"skX":-5,"skY":-5},"tweenEasing":0},{"duration":4,"transform":{"skX":-10,"skY":-10},"tweenEasing":0},{"duration":4,"transform":{},"tweenEasing":0},{"duration":4,"transform":{"skX":10,"skY":10},"tweenEasing":0},{"duration":4,"transform":{},"tweenEasing":0},{"duration":4,"transform":{"skX":-10,"skY":-10},"tweenEasing":0},{"duration":4,"transform":{},"tweenEasing":0},{"duration":4,"transform":{"skX":10,"skY":10},"tweenEasing":0},{"duration":2,"transform":{},"tweenEasing":0},{"duration":0,"transform":{"skX":-5,"skY":-5},"tweenEasing":null}],"name":"ear_lt_bone_02"},{"frame":[{"duration":4,"transform":{"skX":-20,"skY":-20},"tweenEasing":0},{"duration":4,"transform":{"skX":-25,"skY":-25},"tweenEasing":0},{"duration":4,"transform":{"skX":-60,"skY":-60},"tweenEasing":0},{"duration":4,"transform":{"skX":-40,"skY":-40},"tweenEasing":0},{"duration":4,"transform":{},"tweenEasing":0},{"duration":4,"transform":{"skX":-5,"skY":-5},"tweenEasing":0},{"duration":4,"transform":{"skX":-25,"skY":-25},"tweenEasing":0},{"duration":4,"transform":{"skX":-25,"skY":-25},"tweenEasing":0},{"duration":0,"transform":{"skX":-20,"skY":-20},"tweenEasing":null}],"name":"leg_front_lt_03"},{"frame":[{"duration":4,"transform":{"skX":-2,"skY":-2},"tweenEasing":0},{"duration":4,"transform":{"skX":-12,"skY":-12},"tweenEasing":0},{"duration":8,"transform":{"skX":-22,"skY":-22},"tweenEasing":0},{"duration":4,"transform":{"skX":-22,"skY":-22},"tweenEasing":0},{"duration":4,"transform":{"skX":3,"skY":3},"tweenEasing":0},{"duration":4,"transform":{"skX":8,"skY":8},"tweenEasing":0},{"duration":4,"transform":{"skX":8,"skY":8},"tweenEasing":0},{"duration":0,"transform":{"skX":-2,"skY":-2},"tweenEasing":null}],"name":"leg_back_lt_03"},{"frame":[{"duration":32,"transform":{},"tweenEasing":null}],"name":"mouth_bone"},{"frame":[{"duration":32,"transform":{},"tweenEasing":null}],"name":"mesh"},{"frame":[{"duration":32,"transform":{},"tweenEasing":null}],"name":"ik_effectors"},{"frame":[{"duration":32,"transform":{},"tweenEasing":null}],"name":"sheep_global_control"}],"frame":[],"duration":32,"slot":[],"ffd":[],"name":"goat_walk_anim"},{"playTimes":0,"bone":[{"frame":[{"duration":152,"transform":{},"tweenEasing":null}],"name":"root"},{"frame":[{"duration":16,"transform":{},"tweenEasing":0},{"duration":8,"transform":{"skX":-10,"skY":-10},"tweenEasing":0},{"duration":76,"transform":{},"tweenEasing":0},{"duration":8,"transform":{},"tweenEasing":0},{"duration":4,"transform":{"y":70},"tweenEasing":0},{"duration":8,"transform":{"y":-10},"tweenEasing":0},{"duration":2,"transform":{"y":-155,"x":-133.0013,"skX":-60,"skY":-60},"tweenEasing":0},{"duration":2,"transform":{"y":-155,"x":-148.0013,"skX":-65,"skY":-65},"tweenEasing":0},{"duration":6,"transform":{"y":-155,"x":-153.0013,"skX":-70,"skY":-70},"tweenEasing":0},{"duration":7,"transform":{"y":-155,"x":-148.0013,"skX":-65,"skY":-65},"tweenEasing":0},{"duration":1,"transform":{"y":-33,"x":-8.0013,"skX":-15,"skY":-15},"tweenEasing":0},{"duration":4,"transform":{"y":-28,"skX":-10,"skY":-10},"tweenEasing":0},{"duration":10,"transform":{"y":50},"tweenEasing":0},{"duration":0,"transform":{},"tweenEasing":null}],"name":"hips_eff"},{"frame":[{"duration":112,"transform":{},"tweenEasing":0},{"duration":1,"transform":{},"tweenEasing":0},{"duration":3,"transform":{"y":-4.0011},"tweenEasing":0},{"duration":4,"transform":{"y":-90.0011,"x":0.0018},"tweenEasing":0},{"duration":2,"transform":{"y":-329.7811,"x":18.4018},"tweenEasing":0},{"duration":2,"transform":{"y":-329.7811,"x":58.4018},"tweenEasing":0},{"duration":3,"transform":{"y":-349.7811,"x":135.4018},"tweenEasing":0},{"duration":3,"transform":{"y":-339.7811,"x":103.4018},"tweenEasing":0},{"duration":4,"transform":{"y":-329.7811,"x":-1.5982},"tweenEasing":0},{"duration":3,"transform":{"y":-101.7811,"x":10.0018},"tweenEasing":0},{"duration":15,"transform":{},"tweenEasing":0},{"duration":0,"transform":{},"tweenEasing":null}],"name":"leg_back_lt_ik"},{"frame":[{"duration":112,"transform":{},"tweenEasing":0},{"duration":1,"transform":{},"tweenEasing":0},{"duration":3,"transform":{"y":-6.0046},"tweenEasing":0},{"duration":4,"transform":{"y":-37.0046,"x":19.9952},"tweenEasing":0},{"duration":2,"transform":{"y":-189.0046,"x":99.3852},"tweenEasing":0},{"duration":2,"transform":{"y":-189.0046,"x":99.3852},"tweenEasing":0},{"duration":3,"transform":{"y":-204.0046,"x":154.3852},"tweenEasing":0},{"duration":3,"transform":{"y":-196.5046,"x":134.3852},"tweenEasing":0},{"duration":4,"transform":{"y":-189.0046,"x":59.3852},"tweenEasing":0},{"duration":3,"transform":{"y":-50.0046,"x":19.9952},"tweenEasing":0},{"duration":1,"transform":{"y":-2.0046},"tweenEasing":0},{"duration":14,"transform":{},"tweenEasing":0},{"duration":0,"transform":{},"tweenEasing":null}],"name":"leg_back_rt_ik"},{"frame":[{"duration":152,"transform":{},"tweenEasing":0},{"duration":0,"transform":{},"tweenEasing":null}],"name":"leg_front_lt_ik"},{"frame":[{"duration":152,"transform":{},"tweenEasing":0},{"duration":0,"transform":{},"tweenEasing":null}],"name":"leg_front_rt_ik"},{"frame":[{"duration":16,"transform":{},"tweenEasing":0},{"duration":8,"transform":{"y":65},"tweenEasing":0},{"duration":6,"transform":{"y":10},"tweenEasing":0},{"duration":70,"transform":{},"tweenEasing":0},{"duration":8,"transform":{},"tweenEasing":0},{"duration":4,"transform":{"y":70},"tweenEasing":0},{"duration":8,"transform":{},"tweenEasing":0},{"duration":2,"transform":{"y":5,"x":-32},"tweenEasing":0},{"duration":2,"transform":{"y":5,"x":-57},"tweenEasing":0},{"duration":6,"transform":{"y":5,"x":-78},"tweenEasing":0},{"duration":8,"transform":{"y":5,"x":-57},"tweenEasing":0},{"duration":4,"transform":{},"tweenEasing":0},{"duration":10,"transform":{"y":50},"tweenEasing":0},{"duration":0,"transform":{},"tweenEasing":null}],"name":"chest_eff"},{"frame":[{"duration":152,"transform":{},"tweenEasing":0},{"duration":0,"transform":{},"tweenEasing":null}],"name":"neck_bone"},{"frame":[{"duration":112,"transform":{},"tweenEasing":0},{"duration":8,"transform":{},"tweenEasing":0},{"duration":10,"transform":{"y":0.0013},"tweenEasing":0},{"duration":8,"transform":{"y":0.0013},"tweenEasing":0},{"duration":14,"transform":{},"tweenEasing":0},{"duration":0,"transform":{},"tweenEasing":null}],"name":"spine_bone_02"},{"frame":[{"duration":100,"transform":{},"tweenEasing":0},{"duration":4,"transform":{},"tweenEasing":0},{"duration":4,"transform":{"skX":-10,"skY":-10},"tweenEasing":0},{"duration":2,"transform":{},"tweenEasing":0},{"duration":2,"transform":{"skX":10,"skY":10},"tweenEasing":0},{"duration":4,"transform":{},"tweenEasing":0},{"duration":4,"transform":{"skX":10,"skY":10},"tweenEasing":0},{"duration":10,"transform":{},"tweenEasing":0},{"duration":4,"transform":{},"tweenEasing":0},{"duration":4,"transform":{"skX":-20,"skY":-20},"tweenEasing":0},{"duration":4,"transform":{"skX":-10,"skY":-10},"tweenEasing":0},{"duration":5,"transform":{},"tweenEasing":0},{"duration":5,"transform":{"skX":5,"skY":5},"tweenEasing":0},{"duration":0,"transform":{},"tweenEasing":null}],"name":"hips_bone"},{"frame":[{"duration":112,"transform":{},"tweenEasing":0},{"duration":8,"transform":{},"tweenEasing":0},{"duration":2,"transform":{"skX":-15,"skY":-15},"tweenEasing":0},{"duration":2,"transform":{"skX":-5,"skY":-5},"tweenEasing":0},{"duration":6,"transform":{"skX":-5,"skY":-5},"tweenEasing":0},{"duration":8,"transform":{"skX":-15,"skY":-15},"tweenEasing":0},{"duration":14,"transform":{},"tweenEasing":0},{"duration":0,"transform":{},"tweenEasing":null}],"name":"spine_bone_01"},{"frame":[{"duration":152,"transform":{},"tweenEasing":0},{"duration":0,"transform":{},"tweenEasing":null}],"name":"leg_front_rt_01"},{"frame":[{"duration":112,"transform":{},"tweenEasing":0},{"duration":8,"transform":{},"tweenEasing":0},{"duration":2,"transform":{"y":60,"skX":1.8433,"skY":1.8433},"tweenEasing":0},{"duration":2,"transform":{},"tweenEasing":0},{"duration":6,"transform":{},"tweenEasing":0},{"duration":8,"transform":{"y":50,"skX":-27.4814,"skY":-27.4814},"tweenEasing":0},{"duration":14,"transform":{},"tweenEasing":0},{"duration":0,"transform":{},"tweenEasing":null}],"name":"leg_back_lt_01"},{"frame":[{"duration":112,"transform":{},"tweenEasing":0},{"duration":8,"transform":{},"tweenEasing":0},{"duration":2,"transform":{"y":20,"skX":-25.1414,"skY":-25.1414},"tweenEasing":0},{"duration":2,"transform":{},"tweenEasing":0},{"duration":6,"transform":{},"tweenEasing":0},{"duration":8,"transform":{"y":30,"skX":-25.4845,"skY":-25.4845},"tweenEasing":0},{"duration":14,"transform":{},"tweenEasing":0},{"duration":0,"transform":{},"tweenEasing":null}],"name":"leg_back_rt_01"},{"frame":[{"duration":120,"transform":{},"tweenEasing":0},{"duration":2,"transform":{},"tweenEasing":0},{"duration":2,"transform":{"x":-3,"skX":-16.6989,"skY":-16.6989},"tweenEasing":0},{"duration":6,"transform":{"y":-1,"x":-3,"skX":-27.6047,"skY":-27.6047},"tweenEasing":0},{"duration":22,"transform":{},"tweenEasing":0},{"duration":0,"transform":{},"tweenEasing":null}],"name":"leg_front_lt_01"},{"frame":[{"duration":8,"transform":{"x":-22},"tweenEasing":0},{"duration":8,"transform":{"y":-20,"x":-32,"skX":-10,"skY":-10},"tweenEasing":0},{"duration":8,"transform":{"y":-30,"x":-22},"tweenEasing":0},{"duration":6,"transform":{"x":-12,"skX":10,"skY":10},"tweenEasing":0},{"duration":7,"transform":{"y":30,"x":-22},"tweenEasing":0},{"duration":7,"transform":{"x":-22,"skX":-10,"skY":-10},"tweenEasing":0},{"duration":7,"transform":{"y":-20,"x":-22},"tweenEasing":0},{"duration":7,"transform":{"x":-12,"skX":10,"skY":10},"tweenEasing":0},{"duration":7,"transform":{"y":20,"x":-22},"tweenEasing":0},{"duration":7,"transform":{"x":-32,"skX":-10,"skY":-10},"tweenEasing":0},{"duration":7,"transform":{"y":-20,"x":-22},"tweenEasing":0},{"duration":7,"transform":{"y":10,"x":-12,"skX":10,"skY":10},"tweenEasing":0},{"duration":7,"transform":{"y":30,"x":-22},"tweenEasing":0},{"duration":7,"transform":{"y":15,"x":-32,"skX":-10,"skY":-10},"tweenEasing":0},{"duration":8,"transform":{"x":-22},"tweenEasing":0},{"duration":4,"transform":{"x":-22,"skX":20,"skY":20},"tweenEasing":0},{"duration":4,"transform":{"x":-22},"tweenEasing":0},{"duration":4,"transform":{"x":-22,"skX":5,"skY":5},"tweenEasing":0},{"duration":2,"transform":{"x":-22,"skX":10,"skY":10},"tweenEasing":0},{"duration":2,"transform":{"x":-22,"skX":20,"skY":20,"scX":0.95},"tweenEasing":0},{"duration":3,"transform":{"x":-22,"skX":30,"skY":30},"tweenEasing":0},{"duration":3,"transform":{"x":-22,"skX":35,"skY":35},"tweenEasing":0},{"duration":8,"transform":{"x":-22,"skX":30,"skY":30},"tweenEasing":0},{"duration":4,"transform":{"x":-22,"skX":10,"skY":10},"tweenEasing":0},{"duration":5,"transform":{"x":-22},"tweenEasing":0},{"duration":5,"transform":{"x":-22,"skX":-5,"skY":-5},"tweenEasing":0},{"duration":0,"transform":{"x":-22},"tweenEasing":null}],"name":"head_bone"},{"frame":[{"duration":4,"transform":{},"tweenEasing":0},{"duration":4,"transform":{},"tweenEasing":0},{"duration":4,"transform":{"scY":0.01},"tweenEasing":0},{"duration":50,"transform":{},"tweenEasing":0},{"duration":3,"transform":{},"tweenEasing":0},{"duration":3,"transform":{"scY":0.01},"tweenEasing":0},{"duration":52,"transform":{},"tweenEasing":0},{"duration":2,"transform":{},"tweenEasing":0},{"duration":2,"transform":{"scY":0.01},"tweenEasing":0},{"duration":2,"transform":{"scY":0.01},"tweenEasing":0},{"duration":26,"transform":{},"tweenEasing":0},{"duration":0,"transform":{},"tweenEasing":null}],"name":"eye_lt"},{"frame":[{"duration":152,"transform":{},"tweenEasing":0},{"duration":0,"transform":{},"tweenEasing":null}],"name":"leg_back_rt_02"},{"frame":[{"duration":8,"transform":{},"tweenEasing":0},{"duration":8,"transform":{"skX":10,"skY":10},"tweenEasing":0},{"duration":4,"transform":{},"tweenEasing":0},{"duration":4,"transform":{"skX":-10,"skY":-10},"tweenEasing":0},{"duration":6,"transform":{},"tweenEasing":0},{"duration":7,"transform":{"skX":10,"skY":10},"tweenEasing":0},{"duration":7,"transform":{},"tweenEasing":0},{"duration":7,"transform":{"skX":-10,"skY":-10},"tweenEasing":0},{"duration":7,"transform":{},"tweenEasing":0},{"duration":7,"transform":{"skX":10,"skY":10},"tweenEasing":0},{"duration":7,"transform":{},"tweenEasing":0},{"duration":7,"transform":{"skX":-10,"skY":-10},"tweenEasing":0},{"duration":7,"transform":{},"tweenEasing":0},{"duration":7,"transform":{"skX":10,"skY":10},"tweenEasing":0},{"duration":7,"transform":{},"tweenEasing":0},{"duration":4,"transform":{"skX":-10,"skY":-10},"tweenEasing":0},{"duration":4,"transform":{},"tweenEasing":0},{"duration":2,"transform":{},"tweenEasing":0},{"duration":2,"transform":{"skX":10,"skY":10},"tweenEasing":0},{"duration":4,"transform":{},"tweenEasing":0},{"duration":4,"transform":{"skX":-10,"skY":-10},"tweenEasing":0},{"duration":2,"transform":{},"tweenEasing":0},{"duration":2,"transform":{"skX":-10,"skY":-10},"tweenEasing":0},{"duration":3,"transform":{"skX":-20,"skY":-20},"tweenEasing":0},{"duration":3,"transform":{"skX":-10,"skY":-10},"tweenEasing":0},{"duration":4,"transform":{},"tweenEasing":0},{"duration":4,"transform":{"skX":10,"skY":10},"tweenEasing":0},{"duration":4,"transform":{},"tweenEasing":0},{"duration":5,"transform":{},"tweenEasing":0},{"duration":5,"transform":{"skX":10,"skY":10},"tweenEasing":0},{"duration":0,"transform":{},"tweenEasing":null}],"name":"ear_lt_bone_01"},{"frame":[{"duration":8,"transform":{},"tweenEasing":0},{"duration":8,"transform":{"skX":10,"skY":10},"tweenEasing":0},{"duration":4,"transform":{},"tweenEasing":0},{"duration":4,"transform":{"skX":-10,"skY":-10},"tweenEasing":0},{"duration":6,"transform":{},"tweenEasing":0},{"duration":7,"transform":{"skX":10,"skY":10},"tweenEasing":0},{"duration":7,"transform":{"skX":20,"skY":20},"tweenEasing":0},{"duration":7,"transform":{},"tweenEasing":0},{"duration":7,"transform":{"skX":-10,"skY":-10},"tweenEasing":0},{"duration":7,"transform":{"skX":10,"skY":10},"tweenEasing":0},{"duration":7,"transform":{"skX":20,"skY":20},"tweenEasing":0},{"duration":7,"transform":{},"tweenEasing":0},{"duration":7,"transform":{"skX":-10,"skY":-10},"tweenEasing":0},{"duration":7,"transform":{"skX":10,"skY":10},"tweenEasing":0},{"duration":7,"transform":{"skX":20,"skY":20},"tweenEasing":0},{"duration":4,"transform":{},"tweenEasing":0},{"duration":4,"transform":{"skX":-10,"skY":-10},"tweenEasing":0},{"duration":2,"transform":{},"tweenEasing":0},{"duration":2,"transform":{"y":0.0006,"x":-0.0038},"tweenEasing":0},{"duration":8,"transform":{},"tweenEasing":0},{"duration":2,"transform":{},"tweenEasing":0},{"duration":2,"transform":{"skX":-10,"skY":-10},"tweenEasing":0},{"duration":3,"transform":{},"tweenEasing":0},{"duration":3,"transform":{"skX":20,"skY":20},"tweenEasing":0},{"duration":4,"transform":{"skX":30,"skY":30},"tweenEasing":0},{"duration":4,"transform":{"skX":20,"skY":20},"tweenEasing":0},{"duration":4,"transform":{"skX":10,"skY":10},"tweenEasing":0},{"duration":5,"transform":{},"tweenEasing":0},{"duration":5,"transform":{"skX":-10,"skY":-10},"tweenEasing":0},{"duration":0,"transform":{},"tweenEasing":null}],"name":"ear_rt_bone_01"},{"frame":[{"duration":152,"transform":{},"tweenEasing":0},{"duration":0,"transform":{},"tweenEasing":null}],"name":"leg_front_lt_02"},{"frame":[{"duration":152,"transform":{},"tweenEasing":0},{"duration":0,"transform":{},"tweenEasing":null}],"name":"head_hair_bone_01"},{"frame":[{"duration":152,"transform":{},"tweenEasing":0},{"duration":0,"transform":{},"tweenEasing":null}],"name":"leg_front_rt_02"},{"frame":[{"duration":152,"transform":{},"tweenEasing":0},{"duration":0,"transform":{},"tweenEasing":null}],"name":"leg_back_lt_02"},{"frame":[{"duration":4,"transform":{},"tweenEasing":0},{"duration":4,"transform":{},"tweenEasing":0},{"duration":4,"transform":{"scY":0.01},"tweenEasing":0},{"duration":50,"transform":{},"tweenEasing":0},{"duration":3,"transform":{},"tweenEasing":0},{"duration":3,"transform":{"scY":0.01},"tweenEasing":0},{"duration":52,"transform":{},"tweenEasing":0},{"duration":2,"transform":{},"tweenEasing":0},{"duration":2,"transform":{"scY":0.01},"tweenEasing":0},{"duration":2,"transform":{"scY":0.01},"tweenEasing":0},{"duration":26,"transform":{},"tweenEasing":0},{"duration":0,"transform":{},"tweenEasing":null}],"name":"eye_rt"},{"frame":[{"duration":152,"transform":{},"tweenEasing":0},{"duration":0,"transform":{},"tweenEasing":null}],"name":"leg_front_rt_03"},{"frame":[{"duration":113,"transform":{},"tweenEasing":0},{"duration":3,"transform":{},"tweenEasing":0},{"duration":4,"transform":{"skX":-20,"skY":-20},"tweenEasing":0},{"duration":2,"transform":{"skX":-52,"skY":-52},"tweenEasing":0},{"duration":2,"transform":{"skX":-92,"skY":-92},"tweenEasing":0},{"duration":3,"transform":{"skX":-102,"skY":-102},"tweenEasing":0},{"duration":3,"transform":{"skX":-85,"skY":-85},"tweenEasing":0},{"duration":4,"transform":{"skX":-52,"skY":-52},"tweenEasing":0},{"duration":3,"transform":{"skX":-10,"skY":-10},"tweenEasing":0},{"duration":15,"transform":{},"tweenEasing":0},{"duration":0,"transform":{},"tweenEasing":null}],"name":"leg_back_rt_03"},{"frame":[{"duration":8,"transform":{},"tweenEasing":0},{"duration":8,"transform":{"skX":10,"skY":10},"tweenEasing":0},{"duration":4,"transform":{},"tweenEasing":0},{"duration":4,"transform":{"skX":-10,"skY":-10},"tweenEasing":0},{"duration":6,"transform":{},"tweenEasing":0},{"duration":7,"transform":{"skX":20,"skY":20},"tweenEasing":0},{"duration":7,"transform":{},"tweenEasing":0},{"duration":7,"transform":{"skX":-10,"skY":-10},"tweenEasing":0},{"duration":7,"transform":{},"tweenEasing":0},{"duration":7,"transform":{"skX":20,"skY":20},"tweenEasing":0},{"duration":7,"transform":{},"tweenEasing":0},{"duration":7,"transform":{"skX":-10,"skY":-10},"tweenEasing":0},{"duration":7,"transform":{},"tweenEasing":0},{"duration":7,"transform":{"skX":20,"skY":20},"tweenEasing":0},{"duration":7,"transform":{"skX":-10,"skY":-10},"tweenEasing":0},{"duration":4,"transform":{"skX":-20,"skY":-20},"tweenEasing":0},{"duration":4,"transform":{"skX":-10,"skY":-10},"tweenEasing":0},{"duration":2,"transform":{},"tweenEasing":0},{"duration":2,"transform":{"skX":10,"skY":10},"tweenEasing":0},{"duration":4,"transform":{},"tweenEasing":0},{"duration":4,"transform":{"skX":-10,"skY":-10},"tweenEasing":0},{"duration":2,"transform":{},"tweenEasing":0},{"duration":2,"transform":{"skX":-10,"skY":-10},"tweenEasing":0},{"duration":3,"transform":{"skX":-20,"skY":-20},"tweenEasing":0},{"duration":3,"transform":{"skX":-10,"skY":-10},"tweenEasing":0},{"duration":4,"transform":{},"tweenEasing":0},{"duration":4,"transform":{"skX":20,"skY":20},"tweenEasing":0},{"duration":4,"transform":{},"tweenEasing":0},{"duration":5,"transform":{},"tweenEasing":0},{"duration":5,"transform":{"skX":10,"skY":10},"tweenEasing":0},{"duration":0,"transform":{},"tweenEasing":null}],"name":"ear_lt_bone_02"},{"frame":[{"duration":152,"transform":{},"tweenEasing":0},{"duration":0,"transform":{},"tweenEasing":null}],"name":"leg_front_lt_03"},{"frame":[{"duration":113,"transform":{},"tweenEasing":0},{"duration":3,"transform":{},"tweenEasing":0},{"duration":4,"transform":{"skX":-20,"skY":-20},"tweenEasing":0},{"duration":2,"transform":{"skX":-57,"skY":-57},"tweenEasing":0},{"duration":2,"transform":{"skX":-107,"skY":-107},"tweenEasing":0},{"duration":3,"transform":{"skX":-122,"skY":-122},"tweenEasing":0},{"duration":3,"transform":{"skX":-94.5,"skY":-94.5},"tweenEasing":0},{"duration":4,"transform":{"skX":-67,"skY":-67},"tweenEasing":0},{"duration":3,"transform":{"skX":-10,"skY":-10},"tweenEasing":0},{"duration":15,"transform":{},"tweenEasing":0},{"duration":0,"transform":{},"tweenEasing":null}],"name":"leg_back_lt_03"},{"frame":[{"duration":30,"transform":{},"tweenEasing":0},{"duration":7,"transform":{},"tweenEasing":0},{"duration":7,"transform":{"scX":0.75},"tweenEasing":0},{"duration":7,"transform":{"scX":0.5},"tweenEasing":0},{"duration":7,"transform":{"scX":0.75},"tweenEasing":0},{"duration":7,"transform":{},"tweenEasing":0},{"duration":7,"transform":{"scX":0.75},"tweenEasing":0},{"duration":7,"transform":{"scX":0.5},"tweenEasing":0},{"duration":7,"transform":{"scX":0.75},"tweenEasing":0},{"duration":7,"transform":{},"tweenEasing":0},{"duration":7,"transform":{"scX":0.75},"tweenEasing":0},{"duration":8,"transform":{"scX":0.5},"tweenEasing":0},{"duration":4,"transform":{"scX":0.75},"tweenEasing":0},{"duration":40,"transform":{},"tweenEasing":0},{"duration":0,"transform":{},"tweenEasing":null}],"name":"mouth_bone"},{"frame":[{"duration":152,"transform":{},"tweenEasing":null}],"name":"mesh"},{"frame":[{"duration":152,"transform":{},"tweenEasing":null}],"name":"ik_effectors"},{"frame":[{"duration":152,"transform":{},"tweenEasing":null}],"name":"sheep_global_control"}],"frame":[],"duration":152,"slot":[],"ffd":[{"frame":[{"duration":8,"offset":0,"vertices":[],"tweenEasing":0},{"duration":8,"offset":0,"vertices":[],"tweenEasing":0},{"duration":8,"offset":8,"vertices":[9.39,-11.32,0,0,0,0,0,0,0,0,0,0,0,0,0,0,0,0,0,0,0,0,0,0,0,0,0,0,0,0,0,0,0,0,0,0,0,0,0,0,0,0],"tweenEasing":0},{"duration":80,"offset":0,"vertices":[],"tweenEasing":0},{"duration":4,"offset":0,"vertices":[],"tweenEasing":0},{"duration":2,"offset":8,"vertices":[9.39,-11.32,0,0,0,0,0,0,0,0,0,0,0,0,0,0,0,0,0,0,0,0,0,0,0,0,0,0,0,0,0,0,0,0,0,0,0,0,0,0,0,0],"tweenEasing":0},{"duration":2,"offset":8,"vertices":[4.52,-7.31,0,0,0,0,0,0,0,0,0,0,0,0,0,0,0,0,0,0,0,0,0,0,0,0,0,0,0,0,0,0,0,0,0,0,0,0,0,0,0,0],"tweenEasing":0},{"duration":26,"offset":0,"vertices":[],"tweenEasing":0},{"duration":4,"offset":0,"vertices":[],"tweenEasing":0},{"duration":5,"offset":8,"vertices":[6.05,-7.52,0,0,0,0,0,0,0,0,0,0,0,0,0,0,0,0,0,0,0,0,0,0,0,0,0,0,0,0,0,0,0,0,0,0,0,0,0,0,0,0],"tweenEasing":0},{"duration":5,"offset":0,"vertices":[],"tweenEasing":0},{"duration":0,"offset":0,"vertices":[],"tweenEasing":null}],"scale":1,"slot":"leg_front_lt","offset":0,"skin":"","name":"leg_front_lt"}],"name":"goat_eat_anim"},{"playTimes":0,"bone":[{"frame":[{"duration":16,"transform":{},"tweenEasing":null}],"name":"root"},{"frame":[{"duration":2,"transform":{"y":10},"tweenEasing":0},{"duration":2,"transform":{"y":20},"tweenEasing":0},{"duration":2,"transform":{"y":10},"tweenEasing":0},{"duration":2,"transform":{},"tweenEasing":0},{"duration":2,"transform":{"y":10},"tweenEasing":0},{"duration":2,"transform":{"y":20},"tweenEasing":0},{"duration":2,"transform":{"y":10},"tweenEasing":0},{"duration":2,"transform":{},"tweenEasing":0},{"duration":0,"transform":{"y":10},"tweenEasing":null}],"name":"hips_eff"},{"frame":[{"duration":2,"transform":{"y":-34.7811,"x":-146.5982},"tweenEasing":0},{"duration":2,"transform":{"y":-1.7811,"x":-127.8482},"tweenEasing":0},{"duration":2,"transform":{"y":-2.7811,"x":-86.5982},"tweenEasing":0},{"duration":2,"transform":{"y":-3.7811,"x":-41.5982},"tweenEasing":0},{"duration":2,"transform":{"y":-4.7811,"x":3.4018},"tweenEasing":0},{"duration":2,"transform":{"y":-34.7811,"x":43.4018},"tweenEasing":0},{"duration":2,"transform":{"y":-59.7811,"x":-26.5982},"tweenEasing":0},{"duration":2,"transform":{"y":-59.7811,"x":-86.5982},"tweenEasing":0},{"duration":0,"transform":{"y":-34.7811,"x":-146.5982},"tweenEasing":null}],"name":"leg_back_lt_ik"},{"frame":[{"duration":2,"transform":{"x":129.3852},"tweenEasing":0},{"duration":2,"transform":{"y":-14.0046,"x":144.3852},"tweenEasing":0},{"duration":2,"transform":{"y":-34.0046,"x":86.3852},"tweenEasing":0},{"duration":2,"transform":{"y":-34.0046,"x":19.3852},"tweenEasing":0},{"duration":2,"transform":{"y":-9.0046,"x":-28.6148},"tweenEasing":0},{"duration":2,"transform":{"y":13.9954,"x":9.3852},"tweenEasing":0},{"duration":2,"transform":{"y":13.9954,"x":49.3852},"tweenEasing":0},{"duration":2,"transform":{"y":10.9954,"x":89.3852},"tweenEasing":0},{"duration":0,"transform":{"x":129.3852},"tweenEasing":null}],"name":"leg_back_rt_ik"},{"frame":[{"duration":2,"transform":{"y":-19.4769,"x":81.6515},"tweenEasing":0},{"duration":2,"transform":{"y":-49.4769,"x":111.6515},"tweenEasing":0},{"duration":2,"transform":{"y":-54.4769,"x":6.6515},"tweenEasing":0},{"duration":2,"transform":{"y":-44.4769,"x":-68.3485},"tweenEasing":0},{"duration":2,"transform":{"y":-54.4769,"x":-88.3485},"tweenEasing":0},{"duration":2,"transform":{"y":-4.4769,"x":-68.3485},"tweenEasing":0},{"duration":2,"transform":{"y":-6.4769,"x":-18.3485},"tweenEasing":0},{"duration":2,"transform":{"y":-8.4769,"x":31.6515},"tweenEasing":0},{"duration":0,"transform":{"y":-19.4769,"x":81.6515},"tweenEasing":null}],"name":"leg_front_lt_ik"},{"frame":[{"duration":2,"transform":{"y":-37.2399,"x":14.2025},"tweenEasing":0},{"duration":2,"transform":{"y":-7.2399,"x":19.7025},"tweenEasing":0},{"duration":2,"transform":{"y":-7.2399,"x":65.2025},"tweenEasing":0},{"duration":2,"transform":{"y":-17.2399,"x":111.2025},"tweenEasing":0},{"duration":2,"transform":{"y":-26.2399,"x":151.2025},"tweenEasing":0},{"duration":2,"transform":{"y":-46.2399,"x":189.2025},"tweenEasing":0},{"duration":2,"transform":{"y":-46.2399,"x":134.2025},"tweenEasing":0},{"duration":2,"transform":{"y":-41.2399,"x":44.2025},"tweenEasing":0},{"duration":0,"transform":{"y":-37.2399,"x":14.2025},"tweenEasing":null}],"name":"leg_front_rt_ik"},{"frame":[{"duration":2,"transform":{"y":10},"tweenEasing":0},{"duration":2,"transform":{"y":20},"tweenEasing":0},{"duration":2,"transform":{"y":10},"tweenEasing":0},{"duration":2,"transform":{},"tweenEasing":0},{"duration":2,"transform":{"y":10},"tweenEasing":0},{"duration":2,"transform":{"y":20},"tweenEasing":0},{"duration":2,"transform":{"y":10},"tweenEasing":0},{"duration":2,"transform":{},"tweenEasing":0},{"duration":0,"transform":{"y":10},"tweenEasing":null}],"name":"chest_eff"},{"frame":[{"duration":16,"transform":{},"tweenEasing":0},{"duration":0,"transform":{},"tweenEasing":null}],"name":"spine_bone_01"},{"frame":[{"duration":1,"transform":{"skX":2.5,"skY":2.5},"tweenEasing":0},{"duration":2,"transform":{},"tweenEasing":0},{"duration":2,"transform":{"skX":-5,"skY":-5},"tweenEasing":0},{"duration":2,"transform":{},"tweenEasing":0},{"duration":2,"transform":{"skX":5,"skY":5},"tweenEasing":0},{"duration":2,"transform":{},"tweenEasing":0},{"duration":2,"transform":{"skX":-5,"skY":-5},"tweenEasing":0},{"duration":2,"transform":{},"tweenEasing":0},{"duration":1,"transform":{"skX":5,"skY":5},"tweenEasing":0},{"duration":0,"transform":{"skX":2.5,"skY":2.5},"tweenEasing":null}],"name":"hips_bone"},{"frame":[{"duration":16,"transform":{},"tweenEasing":0},{"duration":0,"transform":{},"tweenEasing":null}],"name":"spine_bone_02"},{"frame":[{"duration":16,"transform":{},"tweenEasing":0},{"duration":0,"transform":{},"tweenEasing":null}],"name":"neck_bone"},{"frame":[{"duration":2,"transform":{"y":-20,"x":17,"skX":14.7257,"skY":14.7257},"tweenEasing":0},{"duration":2,"transform":{"y":-25,"x":17,"skX":8.3636,"skY":8.3636},"tweenEasing":0},{"duration":2,"transform":{"y":-20,"x":28,"skX":-9.7295,"skY":-9.7295},"tweenEasing":0},{"duration":2,"transform":{"y":-5,"x":65,"skX":-19.0483,"skY":-19.0483},"tweenEasing":0},{"duration":2,"transform":{"y":-26,"x":65,"skX":-35.0996,"skY":-35.0996},"tweenEasing":0},{"duration":2,"transform":{"y":-18,"x":67,"skX":-51.1243,"skY":-51.1243},"tweenEasing":0},{"duration":2,"transform":{"y":-45,"x":82,"skX":-5.8105,"skY":-5.8105},"tweenEasing":0},{"duration":2,"transform":{"y":-20,"x":17,"skX":-3.8023,"skY":-3.8023},"tweenEasing":0},{"duration":0,"transform":{"y":-20,"x":17,"skX":14.7257,"skY":14.7257},"tweenEasing":null}],"name":"leg_front_rt_01"},{"frame":[{"duration":2,"transform":{"y":11,"x":-107,"skX":-2.1264,"skY":-2.1264},"tweenEasing":0},{"duration":2,"transform":{"y":21,"x":-107,"skX":-26.6321,"skY":-26.6321},"tweenEasing":0},{"duration":2,"transform":{"y":51,"x":-97,"skX":16.685,"skY":16.685},"tweenEasing":0},{"duration":2,"transform":{"y":41,"x":-27,"skX":32.727,"skY":32.727},"tweenEasing":0},{"duration":2,"transform":{"y":29,"x":13,"skX":37.8141,"skY":37.8141},"tweenEasing":0},{"duration":2,"transform":{"y":6,"x":-25,"skX":14.9555,"skY":14.9555},"tweenEasing":0},{"duration":2,"transform":{"y":3,"x":-62,"skX":27.8581,"skY":27.8581},"tweenEasing":0},{"duration":2,"transform":{"y":-17,"x":-97,"skX":24.4833,"skY":24.4833},"tweenEasing":0},{"duration":0,"transform":{"y":11,"x":-107,"skX":-2.1264,"skY":-2.1264},"tweenEasing":null}],"name":"leg_back_rt_01"},{"frame":[{"duration":2,"transform":{"y":17,"x":3,"skX":-36.7687,"skY":-36.7687},"tweenEasing":0},{"duration":2,"transform":{"y":24,"x":3,"skX":-40.322,"skY":-40.322},"tweenEasing":0},{"duration":2,"transform":{"y":39,"x":12,"skX":24.4161,"skY":24.4161},"tweenEasing":0},{"duration":2,"transform":{"y":14,"x":77,"skX":19.6177,"skY":19.6177},"tweenEasing":0},{"duration":2,"transform":{"y":44,"x":87,"skX":30.436,"skY":30.436},"tweenEasing":0},{"duration":2,"transform":{"y":19,"x":60,"skX":-0.2167,"skY":-0.2167},"tweenEasing":0},{"duration":2,"transform":{"y":16,"x":40,"skX":-1.4559,"skY":-1.4559},"tweenEasing":0},{"duration":2,"transform":{"y":-2,"x":3,"skX":-7.3491,"skY":-7.3491},"tweenEasing":0},{"duration":0,"transform":{"y":17,"x":3,"skX":-36.7687,"skY":-36.7687},"tweenEasing":null}],"name":"leg_front_lt_01"},{"frame":[{"duration":2,"transform":{"x":-22,"skX":5,"skY":5},"tweenEasing":0},{"duration":2,"transform":{"x":-22,"skX":8,"skY":8},"tweenEasing":0},{"duration":2,"transform":{"x":-22,"skX":5,"skY":5},"tweenEasing":0},{"duration":2,"transform":{"x":-22,"skX":2,"skY":2},"tweenEasing":0},{"duration":2,"transform":{"x":-22,"skX":5,"skY":5},"tweenEasing":0},{"duration":2,"transform":{"x":-22,"skX":8,"skY":8},"tweenEasing":0},{"duration":2,"transform":{"x":-22,"skX":5,"skY":5},"tweenEasing":0},{"duration":2,"transform":{"x":-22,"skX":2,"skY":2},"tweenEasing":0},{"duration":0,"transform":{"x":-22,"skX":5,"skY":5},"tweenEasing":null}],"name":"head_bone"},{"frame":[{"duration":2,"transform":{"y":78,"x":84,"skX":31.8842,"skY":31.8842},"tweenEasing":0},{"duration":2,"transform":{"y":38,"x":44,"skX":39.4086,"skY":39.4086},"tweenEasing":0},{"duration":2,"transform":{"y":38,"x":9,"skX":37.4941,"skY":37.4941},"tweenEasing":0},{"duration":2,"transform":{"y":20,"x":-26,"skX":50.2064,"skY":50.2064},"tweenEasing":0},{"duration":2,"transform":{"y":23,"x":-1,"skX":11.6501,"skY":11.6501},"tweenEasing":0},{"duration":2,"transform":{"y":43,"x":4,"skX":-11.2047,"skY":-11.2047},"tweenEasing":0},{"duration":2,"transform":{"y":103,"x":-31,"skX":38.8524,"skY":38.8524},"tweenEasing":0},{"duration":2,"transform":{"y":95,"x":24,"skX":43.7513,"skY":43.7513},"tweenEasing":0},{"duration":0,"transform":{"y":78,"x":84,"skX":31.8842,"skY":31.8842},"tweenEasing":null}],"name":"leg_back_lt_01"},{"frame":[{"duration":16,"transform":{},"tweenEasing":0},{"duration":0,"transform":{},"tweenEasing":null}],"name":"leg_front_rt_02"},{"frame":[{"duration":16,"transform":{},"tweenEasing":0},{"duration":0,"transform":{},"tweenEasing":null}],"name":"leg_back_rt_02"},{"frame":[{"duration":2,"transform":{"skX":-10,"skY":-10},"tweenEasing":0},{"duration":2,"transform":{},"tweenEasing":0},{"duration":2,"transform":{"skX":10,"skY":10},"tweenEasing":0},{"duration":2,"transform":{},"tweenEasing":0},{"duration":2,"transform":{"skX":-10,"skY":-10},"tweenEasing":0},{"duration":2,"transform":{},"tweenEasing":0},{"duration":2,"transform":{"skX":10,"skY":10},"tweenEasing":0},{"duration":2,"transform":{},"tweenEasing":0},{"duration":0,"transform":{"skX":-10,"skY":-10},"tweenEasing":null}],"name":"ear_lt_bone_01"},{"frame":[{"duration":2,"transform":{"skX":10,"skY":10},"tweenEasing":0},{"duration":2,"transform":{},"tweenEasing":0},{"duration":2,"transform":{"skX":-10,"skY":-10},"tweenEasing":0},{"duration":2,"transform":{},"tweenEasing":0},{"duration":2,"transform":{"skX":10,"skY":10},"tweenEasing":0},{"duration":2,"transform":{},"tweenEasing":0},{"duration":2,"transform":{"skX":-10,"skY":-10},"tweenEasing":0},{"duration":2,"transform":{},"tweenEasing":0},{"duration":0,"transform":{"skX":10,"skY":10},"tweenEasing":null}],"name":"ear_rt_bone_01"},{"frame":[{"duration":16,"transform":{},"tweenEasing":0},{"duration":0,"transform":{},"tweenEasing":null}],"name":"leg_front_lt_02"},{"frame":[{"duration":1,"transform":{"scX":0.98},"tweenEasing":0},{"duration":2,"transform":{},"tweenEasing":0},{"duration":2,"transform":{"scX":1.04},"tweenEasing":0},{"duration":2,"transform":{},"tweenEasing":0},{"duration":2,"transform":{"scX":0.96},"tweenEasing":0},{"duration":2,"transform":{},"tweenEasing":0},{"duration":2,"transform":{"scX":1.04},"tweenEasing":0},{"duration":2,"transform":{},"tweenEasing":0},{"duration":1,"transform":{"scX":0.96},"tweenEasing":0},{"duration":0,"transform":{"scX":0.98},"tweenEasing":null}],"name":"head_hair_bone_01"},{"frame":[{"duration":16,"transform":{},"tweenEasing":0},{"duration":0,"transform":{},"tweenEasing":null}],"name":"eye_lt"},{"frame":[{"duration":16,"transform":{},"tweenEasing":0},{"duration":0,"transform":{},"tweenEasing":null}],"name":"leg_back_lt_02"},{"frame":[{"duration":16,"transform":{},"tweenEasing":0},{"duration":0,"transform":{},"tweenEasing":null}],"name":"eye_rt"},{"frame":[{"duration":16,"transform":{},"tweenEasing":0},{"duration":0,"transform":{},"tweenEasing":null}],"name":"mouth_bone"},{"frame":[{"duration":2,"transform":{"skX":-30,"skY":-30},"tweenEasing":0},{"duration":2,"transform":{},"tweenEasing":0},{"duration":2,"transform":{},"tweenEasing":0},{"duration":2,"transform":{"skX":-40,"skY":-40},"tweenEasing":0},{"duration":2,"transform":{"skX":-70,"skY":-70},"tweenEasing":0},{"duration":2,"transform":{"skX":-120,"skY":-120},"tweenEasing":0},{"duration":2,"transform":{"skX":-80,"skY":-80},"tweenEasing":0},{"duration":2,"transform":{"skX":-70,"skY":-70},"tweenEasing":0},{"duration":0,"transform":{"skX":-30,"skY":-30},"tweenEasing":null}],"name":"leg_front_rt_03"},{"frame":[{"duration":2,"transform":{"skX":-42,"skY":-42},"tweenEasing":0},{"duration":2,"transform":{"skX":-87,"skY":-87},"tweenEasing":0},{"duration":2,"transform":{"skX":-52,"skY":-52},"tweenEasing":0},{"duration":2,"transform":{"skX":-42,"skY":-42},"tweenEasing":0},{"duration":2,"transform":{"skX":-52,"skY":-52},"tweenEasing":0},{"duration":4,"transform":{"skX":8,"skY":8},"tweenEasing":0},{"duration":2,"transform":{"skX":8,"skY":8},"tweenEasing":0},{"duration":0,"transform":{"skX":-42,"skY":-42},"tweenEasing":null}],"name":"leg_back_rt_03"},{"frame":[{"duration":1,"transform":{"skX":-5,"skY":-5},"tweenEasing":0},{"duration":2,"transform":{"skX":-10,"skY":-10},"tweenEasing":0},{"duration":2,"transform":{},"tweenEasing":0},{"duration":2,"transform":{"skX":10,"skY":10},"tweenEasing":0},{"duration":2,"transform":{},"tweenEasing":0},{"duration":2,"transform":{"skX":-10,"skY":-10},"tweenEasing":0},{"duration":2,"transform":{},"tweenEasing":0},{"duration":2,"transform":{"skX":10,"skY":10},"tweenEasing":0},{"duration":1,"transform":{},"tweenEasing":0},{"duration":0,"transform":{"skX":-5,"skY":-5},"tweenEasing":null}],"name":"ear_lt_bone_02"},{"frame":[{"duration":2,"transform":{"skX":-55,"skY":-55},"tweenEasing":0},{"duration":2,"transform":{"skX":-100,"skY":-100},"tweenEasing":0},{"duration":2,"transform":{"skX":-80,"skY":-80},"tweenEasing":0},{"duration":2,"transform":{"skX":-65,"skY":-65},"tweenEasing":0},{"duration":2,"transform":{"skX":-35,"skY":-35},"tweenEasing":0},{"duration":2,"transform":{"skX":5,"skY":5},"tweenEasing":0},{"duration":2,"transform":{"skX":-5,"skY":-5},"tweenEasing":0},{"duration":2,"transform":{"skX":-35,"skY":-35},"tweenEasing":0},{"duration":0,"transform":{"skX":-55,"skY":-55},"tweenEasing":null}],"name":"leg_front_lt_03"},{"frame":[{"duration":2,"transform":{"skX":-27,"skY":-27},"tweenEasing":0},{"duration":4,"transform":{"skX":3,"skY":3},"tweenEasing":0},{"duration":2,"transform":{"skX":3,"skY":3},"tweenEasing":0},{"duration":2,"transform":{"skX":-42,"skY":-42},"tweenEasing":0},{"duration":2,"transform":{"skX":-87,"skY":-87},"tweenEasing":0},{"duration":2,"transform":{"skX":-47,"skY":-47},"tweenEasing":0},{"duration":2,"transform":{"skX":-37,"skY":-37},"tweenEasing":0},{"duration":0,"transform":{"skX":-27,"skY":-27},"tweenEasing":null}],"name":"leg_back_lt_03"},{"frame":[{"duration":16,"transform":{},"tweenEasing":null}],"name":"mesh"},{"frame":[{"duration":16,"transform":{},"tweenEasing":null}],"name":"ik_effectors"},{"frame":[{"duration":16,"transform":{},"tweenEasing":null}],"name":"sheep_global_control"}],"frame":[],"duration":16,"slot":[],"ffd":[],"name":"goat_trot_anim"}]}],"name":"Sheep_Ani","version":"5.0"}